year,country,energy_source,production_twh,capacity_gw,investment_billion_usd,jobs_thousands,co2_intensity_gco2_kwh
2005,USA,Coal,2040.4,423.5,268.01,503.2,803
2005,USA,Natural Gas,1528.7,436.27,131.34,175.3,481
2005,USA,Oil & Gas,500.9,163.37,52.76,81,655
2005,USA,Hydropower,315.3,94.72,84.21,94.4,4
2005,USA,Nuclear,782.2,111.62,340.13,281.1,12
2005,USA,Wind,97.8,39.87,19.18,136.7,11
2005,USA,Solar,20.5,13.77,3.16,68.7,46
2006,USA,Coal,1984.8,411.96,249.53,493.3,832
2006,USA,Natural Gas,1470.1,419.55,122.43,171.8,480
2006,USA,Oil & Gas,493.2,160.86,50.79,78.4,643
2006,USA,Hydropower,326.1,97.96,86.22,101.3,4
2006,USA,Nuclear,783.6,111.82,324.3,289.4,12
2006,USA,Wind,109,44.44,20.11,154.9,11
2006,USA,Solar,23.3,15.65,3.81,77,45
2007,USA,Coal,1924.5,399.44,253.12,497.2,805
2007,USA,Natural Gas,1565.3,446.72,128.09,177.1,498
2007,USA,Oil & Gas,508.8,165.95,52.21,86.1,663
2007,USA,Hydropower,323.7,97.24,84.92,97.5,4
2007,USA,Nuclear,821,117.15,350.56,288.9,12
2007,USA,Wind,124.6,50.8,24.64,177.4,11
2007,USA,Solar,28.5,19.14,4.58,95.1,44
2008,USA,Coal,1875.9,389.35,235.71,465.6,832
2008,USA,Natural Gas,1572.4,448.74,137.08,174.2,481
2008,USA,Oil & Gas,511.3,166.76,52.34,84.9,654
2008,USA,Hydropower,320.5,96.28,83.15,95.5,4
2008,USA,Nuclear,799.2,114.04,349.91,290.5,12
2008,USA,Wind,137.9,56.22,26.02,195,11
2008,USA,Solar,34.1,22.9,5.44,117.6,44
2009,USA,Coal,1855.2,385.06,238.18,475.5,833
2009,USA,Natural Gas,1552.8,443.15,132.04,170.9,485
2009,USA,Oil & Gas,502.9,164.02,52.13,84.9,649
2009,USA,Hydropower,335.8,100.88,86.88,101.8,4
2009,USA,Nuclear,840.1,119.88,345.2,310.9,12
2009,USA,Wind,147.8,60.26,27.51,221.4,11
2009,USA,Solar,41.3,27.73,6.34,133.3,46
2010,USA,Coal,1937.7,402.18,237.96,497.8,810
2010,USA,Natural Gas,1591.4,454.17,137.89,186.5,486
2010,USA,Oil & Gas,492.1,160.5,50.37,81.2,661
2010,USA,Hydropower,326,97.93,86.33,99.6,4
2010,USA,Nuclear,843.3,120.33,370.02,290.7,12
2010,USA,Wind,172.2,70.21,32.11,238.4,11
2010,USA,Solar,50.3,33.78,7.55,164.1,44
2011,USA,Coal,1818.9,377.52,231.81,460.4,837
2011,USA,Natural Gas,1538,438.93,123.28,169,478
2011,USA,Oil & Gas,503.6,164.25,51.92,78.6,648
2011,USA,Hydropower,330.5,99.29,87.72,96.9,4
2011,USA,Nuclear,839,119.72,358.35,293.5,12
2011,USA,Wind,191.8,78.2,34.65,263.6,11
2011,USA,Solar,58.4,39.22,9.43,202.7,46
2012,USA,Coal,1855.8,385.18,228.04,479.3,808
2012,USA,Natural Gas,1584.3,452.14,131.26,178.6,487
2012,USA,Oil & Gas,512.6,167.19,52.76,81.9,650
2012,USA,Hydropower,328.6,98.71,86.69,100.9,4
2012,USA,Nuclear,808.3,115.34,350.62,282.4,12
2012,USA,Wind,207.3,84.52,39.5,288.6,11
2012,USA,Solar,71,47.68,11.2,249.3,46
2013,USA,Coal,1821.6,378.08,227.5,453.2,826
2013,USA,Natural Gas,1569,447.77,130.83,174.4,488
2013,USA,Oil & Gas,518.7,169.18,52.3,84.8,639
2013,USA,Hydropower,340.3,102.23,92.31,98.4,4
2013,USA,Nuclear,842,120.15,351.89,303.6,12
2013,USA,Wind,234.1,95.44,45.02,326.3,11
2013,USA,Solar,87.3,58.62,13.27,307,46
2014,USA,Coal,1801.9,373.99,221.65,445.2,826
2014,USA,Natural Gas,1598.3,456.14,128.7,177.2,481
2014,USA,Oil & Gas,510.2,166.41,54.27,80.8,662
2014,USA,Hydropower,352.7,105.95,92.81,101.5,4
2014,USA,Nuclear,830.8,118.55,361.05,285.4,12
2014,USA,Wind,249,101.52,46.26,364.2,11
2014,USA,Solar,103.5,69.5,16.62,354.9,44
2015,USA,Coal,1758.9,365.07,216.45,448.3,819
2015,USA,Natural Gas,1607.1,458.65,140.78,180.1,500
2015,USA,Oil & Gas,519.6,169.47,55.31,81.2,657
2015,USA,Hydropower,354.1,106.37,95.4,109.4,4
2015,USA,Nuclear,821.7,117.25,337.76,293.1,12
2015,USA,Wind,281.2,114.64,55.23,393.2,11
2015,USA,Solar,126.7,85.08,20.22,404.9,45
2016,USA,Coal,1754.1,364.07,212.14,439.8,811
2016,USA,Natural Gas,1613.2,460.39,133.44,185.4,478
2016,USA,Oil & Gas,511.9,166.96,55.33,85.4,636
2016,USA,Hydropower,345.5,103.79,94.19,100.5,4
2016,USA,Nuclear,865.9,123.56,373.29,294.7,12
2016,USA,Wind,332.9,135.72,64.29,486.3,11
2016,USA,Solar,162.1,108.85,26.43,521.9,45
2017,USA,Coal,1724.4,357.91,212.53,449.3,815
2017,USA,Natural Gas,1703.7,486.22,142.76,198,485
2017,USA,Oil & Gas,523.8,170.84,55.69,88.1,647
2017,USA,Hydropower,349.9,105.11,96.18,106.8,4
2017,USA,Nuclear,839.4,119.78,354.35,294.2,12
2017,USA,Wind,377.4,153.86,73.47,541.9,11
2017,USA,Solar,206.9,138.93,32.3,721,44
2018,USA,Coal,1643.5,341.12,201.47,419.1,818
2018,USA,Natural Gas,1657.2,472.95,144.58,183,490
2018,USA,Oil & Gas,522,170.25,56.22,82.6,651
2018,USA,Hydropower,343.8,103.28,88.56,105.8,4
2018,USA,Nuclear,829,118.29,352.91,309.9,12
2018,USA,Wind,433.2,176.61,78.78,591.9,11
2018,USA,Solar,264.7,177.75,41.66,910.5,46
2019,USA,Coal,1601.7,332.44,208.95,414.2,801
2019,USA,Natural Gas,1715.6,489.61,139.57,191,487
2019,USA,Oil & Gas,506.6,165.23,53.85,80.5,638
2019,USA,Hydropower,351.1,105.47,90.46,109.9,4
2019,USA,Nuclear,856.7,122.25,372.09,317.4,12
2019,USA,Wind,497.7,202.91,90.42,737.5,11
2019,USA,Solar,329.9,221.53,53.25,1118,46
2020,USA,Coal,1561.9,324.18,205.26,405,835
2020,USA,Natural Gas,1678.3,478.97,143.17,197.8,492
2020,USA,Oil & Gas,497.3,162.2,52.88,83.4,637
2020,USA,Hydropower,345.6,103.82,89.04,107.1,4
2020,USA,Nuclear,865.9,123.56,350.52,312.7,12
2020,USA,Wind,564.1,229.98,108.96,789.4,11
2020,USA,Solar,425.3,285.59,66.25,1379.8,44
2021,USA,Coal,1535.3,318.66,186.6,372.7,815
2021,USA,Natural Gas,1698.5,484.73,141.28,201.5,480
2021,USA,Oil & Gas,517.9,168.92,52.62,82.7,656
2021,USA,Hydropower,350.1,105.17,90.82,104.7,4
2021,USA,Nuclear,854.9,121.99,358.52,291.5,12
2021,USA,Wind,644.7,262.84,122.9,892.4,11
2021,USA,Solar,543.8,365.16,88.64,1821.7,44
2022,USA,Coal,1457.9,302.59,188.49,357.1,802
2022,USA,Natural Gas,1779.9,507.96,148.61,206.3,478
2022,USA,Oil & Gas,516.9,168.59,54.13,81.1,638
2022,USA,Hydropower,351.8,105.68,94.71,101,4
2022,USA,Nuclear,863.4,123.2,369.73,293.7,12
2022,USA,Wind,733.6,299.09,139.81,997.8,11
2022,USA,Solar,693.8,465.89,109.6,2262.6,45
2023,USA,Coal,1447.1,300.35,188.25,368.9,820
2023,USA,Natural Gas,1747.3,498.66,148.28,190.3,497
2023,USA,Oil & Gas,508.4,165.82,52.02,81.7,634
2023,USA,Hydropower,368.4,110.67,96.65,111.7,4
2023,USA,Nuclear,866.8,123.69,353.65,304.6,12
2023,USA,Wind,858.2,349.89,165.37,1172.8,11
2023,USA,Solar,868.5,583.2,132.48,2782.5,44
2024,USA,Coal,1418.9,294.5,183.45,345.2,803
2024,USA,Natural Gas,1771.7,505.62,143.97,201.6,495
2024,USA,Oil & Gas,519.2,169.34,56.36,84,660
2024,USA,Hydropower,353.3,106.13,95.56,104.8,4
2024,USA,Nuclear,857.9,122.42,350.49,318.7,12
2024,USA,Wind,971.4,396.04,187.19,1391.3,11
2024,USA,Solar,1160.8,779.48,185.51,4034.2,45
2005,China,Coal,4465.2,926.77,579.82,1098,832
2005,China,Natural Gas,304.6,86.93,25.06,36.3,492
2005,China,Oil & Gas,397.7,129.71,40.51,63.3,649
2005,China,Hydropower,612,183.85,156.49,188.9,4
2005,China,Nuclear,198.2,28.28,81.17,68,12
2005,China,Wind,204.3,83.29,39.59,293.5,11
2005,China,Solar,39,26.19,5.95,131.2,45
2006,China,Coal,4469.9,927.75,569.19,1116.8,811
2006,China,Natural Gas,306.5,87.47,26.1,35.3,481
2006,China,Oil & Gas,393.4,128.31,40.07,61.7,635
2006,China,Hydropower,589.9,177.21,157.84,185.6,4
2006,China,Nuclear,203.3,29.01,87.34,75.5,12
2006,China,Wind,227.6,92.79,43.41,332.8,11
2006,China,Solar,48.5,32.57,7.64,161.9,46
2007,China,Coal,4518.9,937.92,588.84,1072.2,804
2007,China,Natural Gas,312.8,89.27,27.48,34.8,488
2007,China,Oil & Gas,403.3,131.54,42.94,67.4,640
2007,China,Hydropower,602.8,181.09,160.19,176.3,4
2007,China,Nuclear,197.9,28.24,86.64,73.6,12
2007,China,Wind,241.4,98.42,45.95,341,11
2007,China,Solar,57.3,38.48,9.2,192.6,46
2008,China,Coal,4328.1,898.32,568.69,1042.6,826
2008,China,Natural Gas,311.5,88.9,25.74,35.6,496
2008,China,Oil & Gas,394.4,128.64,40.58,65.7,660
2008,China,Hydropower,614.8,184.69,154.37,181.7,4
2008,China,Nuclear,201.7,28.78,83.63,74.9,12
2008,China,Wind,274.9,112.08,51.04,394.8,11
2008,China,Solar,67.2,45.12,10.26,215.6,44
2009,China,Coal,4218.2,875.51,549.33,1090.3,818
2009,China,Natural Gas,304.1,86.79,25.2,36.1,481
2009,China,Oil & Gas,403,131.44,41.53,64.9,654
2009,China,Hydropower,631.2,189.62,169.95,185.7,4
2009,China,Nuclear,201.5,28.75,88.29,68.9,12
2009,China,Wind,310.5,126.59,58.24,450.5,11
2009,China,Solar,83,55.73,13.62,272.2,45
2010,China,Coal,4346.8,902.2,568.85,1117.3,814
2010,China,Natural Gas,312.8,89.27,27.15,35.9,488
2010,China,Oil & Gas,392.3,127.95,39.93,65.9,647
2010,China,Hydropower,625.9,188.03,158.83,195.8,4
2010,China,Nuclear,199.7,28.5,82.92,72.8,12
2010,China,Wind,341.7,139.31,62.66,465.3,11
2010,China,Solar,99.4,66.75,15.42,323.1,45
2011,China,Coal,4135.3,858.3,498.46,1074.9,836
2011,China,Natural Gas,314,89.61,26.73,36.2,497
2011,China,Oil & Gas,396.4,129.29,42.03,64,637
2011,China,Hydropower,639.2,192.02,172.49,183.9,4
2011,China,Nuclear,201.5,28.75,82.16,69.6,12
2011,China,Wind,379.7,154.8,70.16,524.8,11
2011,China,Solar,117.5,78.9,19.24,380.2,46
2012,China,Coal,4175.1,866.56,505.91,1052.1,832
2012,China,Natural Gas,319.9,91.3,27.88,35,493
2012,China,Oil & Gas,399.2,130.2,43.69,63.9,635
2012,China,Hydropower,648.6,194.84,168.65,197.9,4
2012,China,Nuclear,204.6,29.2,87.35,69.7,12
2012,China,Wind,426.2,173.76,82.46,610.1,11
2012,China,Solar,141.9,95.29,22.24,487.7,46
2013,China,Coal,4171.2,865.75,542.05,1045.2,820
2013,China,Natural Gas,316,90.18,26.1,35.3,485
2013,China,Oil & Gas,409.4,133.53,41.59,63.5,645
2013,China,Hydropower,647,194.36,172.4,204.1,4
2013,China,Nuclear,203.5,29.04,81.8,73.1,12
2013,China,Wind,469.6,191.45,90.85,701.7,11
2013,China,Solar,167.9,112.75,25.59,549.3,45
2014,China,Coal,3999.8,830.18,521.38,985.2,804
2014,China,Natural Gas,314.9,89.87,25.24,37.4,497
2014,China,Oil & Gas,405.1,132.13,43.42,64.3,659
2014,China,Hydropower,649.8,195.21,166.37,191.4,4
2014,China,Nuclear,205.7,29.35,83.8,71.7,12
2014,China,Wind,519.3,211.72,98.28,771.5,11
2014,China,Solar,201,134.97,32.7,672.2,44
2015,China,Coal,4087.9,848.46,531.34,980.8,835
2015,China,Natural Gas,327.3,93.41,27.48,37.5,495
2015,China,Oil & Gas,396.6,129.35,43.46,64.8,649
2015,China,Hydropower,664.6,199.65,177.64,198.9,4
2015,China,Nuclear,207.9,29.67,87.25,71.1,12
2015,China,Wind,555.7,226.56,106.69,765.6,11
2015,China,Solar,250.1,167.94,39.2,812.5,44
2016,China,Coal,3984.5,827,492.78,958.6,836
2016,China,Natural Gas,332.8,94.98,27.34,39.9,502
2016,China,Oil & Gas,400.8,130.72,44.01,63.2,638
2016,China,Hydropower,658.1,197.7,178.22,200.8,4
2016,China,Nuclear,213.4,30.45,85.52,75.9,12
2016,China,Wind,669.4,272.91,131.85,985.1,11
2016,China,Solar,315.4,211.79,49.52,1081.1,46
2017,China,Coal,3703.1,768.6,469.22,919.1,813
2017,China,Natural Gas,326.5,93.18,28.71,37.5,489
2017,China,Oil & Gas,414.4,135.16,44.64,65.4,637
2017,China,Hydropower,672,201.87,182.84,203.8,4
2017,China,Nuclear,211.4,30.17,91.53,72.7,12
2017,China,Wind,746.9,304.51,147.86,1117.4,11
2017,China,Solar,405.3,272.16,63.36,1357.3,45
2018,China,Coal,3644.8,756.5,477.58,952.4,833
2018,China,Natural Gas,327.7,93.52,27.4,38,497
2018,China,Oil & Gas,414,135.03,42.5,65.4,654
2018,China,Hydropower,647.7,194.57,163.92,189.2,4
2018,China,Nuclear,207.2,29.57,88.1,75.1,12
2018,China,Wind,842,343.28,153.91,1154.9,11
2018,China,Solar,526.2,353.34,83.41,1725.5,44
2019,China,Coal,3690.2,765.92,460.3,884.6,820
2019,China,Natural Gas,332.2,94.81,27.96,37.5,496
2019,China,Oil & Gas,415.9,135.65,41.62,68.9,637
2019,China,Hydropower,659.3,198.06,165.76,198.3,4
2019,China,Nuclear,212.7,30.35,86.88,73.3,12
2019,China,Wind,1019.9,415.81,199.98,1467.1,11
2019,China,Solar,680.1,456.69,107.39,2237.1,45
2020,China,Coal,3578.7,742.78,464.76,892.8,822
2020,China,Natural Gas,342.7,97.8,28.04,39,483
2020,China,Oil & Gas,399.5,130.3,41.39,68.3,661
2020,China,Hydropower,674.6,202.66,171.51,206.2,4
2020,China,Nuclear,212.8,30.37,91.3,79.3,12
2020,China,Wind,1124.7,458.54,222.12,1606.5,11
2020,China,Solar,845,567.42,130.97,2896.5,45
2021,China,Coal,3488.9,724.14,456.76,908.5,826
2021,China,Natural Gas,347.2,99.09,28.62,40.5,488
2021,China,Oil & Gas,417.5,136.17,42.06,64.8,644
2021,China,Hydropower,677.3,203.47,185.37,207.5,4
2021,China,Nuclear,218.9,31.24,92.52,75.1,12
2021,China,Wind,1280.9,522.22,251.59,1792.4,11
2021,China,Solar,1078,723.88,175.16,3506.1,45
2022,China,Coal,3393.4,704.32,423.15,834.9,806
2022,China,Natural Gas,340.4,97.15,28.67,37,480
2022,China,Oil & Gas,415.6,135.55,42.59,70.2,660
2022,China,Hydropower,659.7,198.18,170.75,190.7,4
2022,China,Nuclear,210.3,30.01,92.11,75.5,12
2022,China,Wind,1512.7,616.72,288.1,2157.7,11
2022,China,Solar,1432.1,961.66,236.06,4743.1,44
2023,China,Coal,3168.8,657.7,399.08,795.8,806
2023,China,Natural Gas,346.5,98.89,28.16,40.2,493
2023,China,Oil & Gas,399.7,130.37,43.42,67.1,664
2023,China,Hydropower,668.6,200.85,172.39,208.9,4
2023,China,Nuclear,219.9,31.38,88.06,81,12
2023,China,Wind,1746.3,711.96,341.22,2500.5,11
2023,China,Solar,1757.5,1180.16,281.33,6061.7,44
2024,China,Coal,3252,674.97,405.46,823,834
2024,China,Natural Gas,357.4,102,30.86,39.8,478
2024,China,Oil & Gas,407.9,133.04,42.56,67.5,663
2024,China,Hydropower,681.5,204.73,187.16,201.8,4
2024,China,Nuclear,216.9,30.95,90.31,80.3,12
2024,China,Wind,1968.5,802.55,384.01,2689.6,11
2024,China,Solar,2240,1504.16,340.36,7555.5,44
2005,Germany,Coal,354.7,73.62,45.06,90.6,827
2005,Germany,Natural Gas,221,63.07,18.23,25.2,494
2005,Germany,Oil & Gas,79.4,25.9,8.29,12.4,643
2005,Germany,Hydropower,39,11.72,10.43,12.2,4
2005,Germany,Nuclear,145.9,20.82,62.2,53.8,12
2005,Germany,Wind,118.4,48.27,21.56,166.5,11
2005,Germany,Solar,59.9,40.22,9.07,192.4,46
2006,Germany,Coal,340.7,70.71,42.11,88.3,824
2006,Germany,Natural Gas,226.1,64.53,19.47,26.1,490
2006,Germany,Oil & Gas,78.7,25.67,8.31,13.2,636
2006,Germany,Hydropower,39.4,11.84,10.35,12.3,4
2006,Germany,Nuclear,152.1,21.7,65.57,53.8,12
2006,Germany,Wind,129.6,52.84,25.28,193,11
2006,Germany,Solar,74.1,49.76,11.16,250.8,44
2007,Germany,Coal,341.7,70.92,42.45,87.1,821
2007,Germany,Natural Gas,222.3,63.44,18.6,24.1,492
2007,Germany,Oil & Gas,78.1,25.47,8.16,13,641
2007,Germany,Hydropower,39.8,11.96,10.48,12.3,4
2007,Germany,Nuclear,151.8,21.66,61.07,55.3,12
2007,Germany,Wind,144.4,58.87,26.04,197.9,11
2007,Germany,Solar,84.4,56.67,13.51,293.3,46
2008,Germany,Coal,338.9,70.34,42.46,80.2,802
2008,Germany,Natural Gas,230.9,65.9,18.84,25.8,479
2008,Germany,Oil & Gas,81.3,26.52,8.2,13.8,638
2008,Germany,Hydropower,42,12.62,11.31,12.3,4
2008,Germany,Nuclear,154.3,22.02,66.96,55.2,12
2008,Germany,Wind,167.3,68.21,30.64,232.4,11
2008,Germany,Solar,101.6,68.22,16.62,327.5,44
2009,Germany,Coal,329.7,68.43,42.76,81,825
2009,Germany,Natural Gas,222.9,63.61,18.99,26.2,491
2009,Germany,Oil & Gas,80.6,26.29,8.33,12.6,644
2009,Germany,Hydropower,42.2,12.68,10.75,12.9,4
2009,Germany,Nuclear,148.7,21.22,63.58,52,12
2009,Germany,Wind,177.4,72.33,33.97,249.8,11
2009,Germany,Solar,126.8,85.15,20.73,428.1,44
2010,Germany,Coal,333.4,69.2,41.14,85,838
2010,Germany,Natural Gas,225.9,64.47,18.31,25.5,500
2010,Germany,Oil & Gas,80.2,26.16,8.41,12.9,644
2010,Germany,Hydropower,42.1,12.65,11.18,12.5,4
2010,Germany,Nuclear,155.1,22.13,62.68,57.1,12
2010,Germany,Wind,199.2,81.21,36.54,287.9,11
2010,Germany,Solar,145.5,97.7,23,502.9,45
2011,Germany,Coal,334.2,69.36,42.92,83.4,800
2011,Germany,Natural Gas,228.1,65.1,18.79,27.2,499
2011,Germany,Oil & Gas,78.8,25.7,8.41,12.3,659
2011,Germany,Hydropower,42.7,12.83,11.5,12.5,4
2011,Germany,Nuclear,157.5,22.47,65.11,58.3,12
2011,Germany,Wind,218.4,89.04,40.28,309.9,11
2011,Germany,Solar,182,122.21,27.71,608.1,45
2012,Germany,Coal,320.6,66.54,41.06,82,805
2012,Germany,Natural Gas,226.6,64.67,18.35,25.3,496
2012,Germany,Oil & Gas,79.8,26.03,8.16,12.5,653
2012,Germany,Hydropower,42.4,12.74,11.24,12.2,4
2012,Germany,Nuclear,155.4,22.17,64.28,58,12
2012,Germany,Wind,244.8,99.8,48.43,333.2,11
2012,Germany,Solar,213.2,143.16,33.2,750.3,44
2013,Germany,Coal,313.5,65.07,40.47,76,819
2013,Germany,Natural Gas,238.7,68.12,20.83,27.2,486
2013,Germany,Oil & Gas,81.3,26.52,8.54,13.6,660
2013,Germany,Hydropower,42.3,12.71,11.52,12.4,4
2013,Germany,Nuclear,154.5,22.05,63.11,53.9,12
2013,Germany,Wind,280.2,114.24,53.62,409.6,11
2013,Germany,Solar,261.7,175.73,39.3,874.8,44
2014,Germany,Coal,314.7,65.32,40.62,79.8,805
2014,Germany,Natural Gas,237.4,67.75,20.28,28.4,490
2014,Germany,Oil & Gas,82.6,26.94,8.38,13.9,638
2014,Germany,Hydropower,42.9,12.89,10.94,12.8,4
2014,Germany,Nuclear,161.6,23.06,65.29,58.8,12
2014,Germany,Wind,300.7,122.59,57.74,446.6,11
2014,Germany,Solar,306.4,205.75,49.81,983.6,46
2015,Germany,Coal,317.5,65.9,39.39,79.9,821
2015,Germany,Natural Gas,240.6,68.66,20.8,27.7,493
2015,Germany,Oil & Gas,82.2,26.81,8.56,13.3,640
2015,Germany,Hydropower,43,12.92,11.6,13.2,4
2015,Germany,Nuclear,161.6,23.06,70,55.8,12
2015,Germany,Wind,345.9,141.02,62.38,486.1,11
2015,Germany,Solar,370.6,248.86,59.64,1199.8,44
2016,Germany,Coal,310.9,64.53,37.67,80.5,827
2016,Germany,Natural Gas,242.1,69.09,21.04,27.4,488
2016,Germany,Oil & Gas,82.1,26.78,8.45,13,666
2016,Germany,Hydropower,42.4,12.74,11.22,12.7,4
2016,Germany,Nuclear,161,22.97,67.29,54.7,12
2016,Germany,Wind,381.4,155.5,75.25,562.3,11
2016,Germany,Solar,488,327.69,79.7,1615.1,45
2017,Germany,Coal,292.4,60.69,36.97,70.9,816
2017,Germany,Natural Gas,238,67.92,20.18,25.9,492
2017,Germany,Oil & Gas,79.9,26.06,8.72,13.4,637
2017,Germany,Hydropower,43.5,13.07,11.46,12.7,4
2017,Germany,Nuclear,157.8,22.52,68.87,57.9,12
2017,Germany,Wind,460,187.54,84.66,679.4,11
2017,Germany,Solar,604,405.59,95.15,2095.1,45
2018,Germany,Coal,284.2,58.99,36.02,73.4,818
2018,Germany,Natural Gas,238.4,68.04,20.2,27.1,487
2018,Germany,Oil & Gas,82.9,27.04,8.58,13.9,656
2018,Germany,Hydropower,42.7,12.83,11.17,12.5,4
2018,Germany,Nuclear,161.7,23.07,65.9,59.7,12
2018,Germany,Wind,532.8,217.22,100.11,763.8,11
2018,Germany,Solar,799.5,536.87,129.21,2690.6,44
2019,Germany,Coal,276.5,57.39,35.04,70.6,837
2019,Germany,Natural Gas,247.7,70.69,20.13,28.8,494
2019,Germany,Oil & Gas,82.5,26.91,8.52,13.3,658
2019,Germany,Hydropower,44.3,13.31,11.69,12.7,4
2019,Germany,Nuclear,162.6,23.2,68.91,59.1,12
2019,Germany,Wind,600,244.62,114.39,831.5,11
2019,Germany,Solar,992.1,666.2,159.95,3283.6,46
2020,Germany,Coal,266.6,55.33,33.96,68.3,802
2020,Germany,Natural Gas,243.1,69.38,20.47,27,487
2020,Germany,Oil & Gas,80.1,26.13,8.32,13,651
2020,Germany,Hydropower,44.6,13.4,12.19,14,4
2020,Germany,Nuclear,164.3,23.44,70.65,57.2,12
2020,Germany,Wind,703.2,286.69,136.77,961.6,11
2020,Germany,Solar,1269.6,852.54,202.22,4352.9,45
2021,Germany,Coal,273.1,56.68,32.87,65.1,839
2021,Germany,Natural Gas,258.6,73.8,21.85,30.1,485
2021,Germany,Oil & Gas,79.9,26.06,8.46,12.7,637
2021,Germany,Hydropower,44.9,13.49,11.97,13.2,4
2021,Germany,Nuclear,159.5,22.76,65.16,54.6,12
2021,Germany,Wind,775.7,316.25,148.84,1073.5,11
2021,Germany,Solar,1598,1073.06,250.17,5393.6,44
2022,Germany,Coal,255.5,53.03,31.44,66.3,824
2022,Germany,Natural Gas,261.7,74.69,21.75,29.1,478
2022,Germany,Oil & Gas,81.9,26.71,8.29,13.3,657
2022,Germany,Hydropower,45.9,13.79,12.01,13.7,4
2022,Germany,Nuclear,158.4,22.6,66.61,55.2,12
2022,Germany,Wind,896.4,365.46,171.67,1242.2,11
2022,Germany,Solar,2093.7,1405.92,327.41,7026.7,45
2023,Germany,Coal,246.2,51.1,30.05,64,827
2023,Germany,Natural Gas,259.8,74.14,21.4,28.2,488
2023,Germany,Oil & Gas,79.4,25.9,8.05,12.4,662
2023,Germany,Hydropower,45.8,13.76,11.91,14.3,4
2023,Germany,Nuclear,157.3,22.45,67.28,54,12
2023,Germany,Wind,1043.4,425.39,193.65,1526.7,11
2023,Germany,Solar,2753.1,1848.71,441.82,8949.1,45
2024,Germany,Coal,242.4,50.31,31.55,61.2,822
2024,Germany,Natural Gas,266.3,76,21.81,30.6,493
2024,Germany,Oil & Gas,81.7,26.65,8.51,13.2,656
2024,Germany,Hydropower,44,13.22,11.09,13.2,4
2024,Germany,Nuclear,165.3,23.59,70.7,57.2,12
2024,Germany,Wind,1172.9,478.19,214.02,1665.5,11
2024,Germany,Solar,3393,2278.4,536.66,11909.5,46
2005,India,Coal,892.6,185.26,109.64,222.8,823
2005,India,Natural Gas,176.5,50.37,14.12,20.2,487
2005,India,Oil & Gas,152.3,49.67,15.57,24.5,651
2005,India,Hydropower,154.5,46.41,42.07,47.7,4
2005,India,Nuclear,49.8,7.11,20.33,17.9,12
2005,India,Wind,80.1,32.66,15.73,118.9,11
2005,India,Solar,15.1,10.14,2.28,49.2,44
2006,India,Coal,879.7,182.59,111.82,217.5,836
2006,India,Natural Gas,186.2,53.14,16.26,21.9,480
2006,India,Oil & Gas,150.4,49.05,15.85,23.7,646
2006,India,Hydropower,153,45.96,38.72,47.1,4
2006,India,Nuclear,51.7,7.38,20.74,18.8,12
2006,India,Wind,88.4,36.04,17.4,130.9,11
2006,India,Solar,18.3,12.29,2.91,61.4,44
2007,India,Coal,869.3,180.43,105.92,208,833
2007,India,Natural Gas,178.7,51,14.93,20.1,489
2007,India,Oil & Gas,147.1,47.98,14.82,24.4,661
2007,India,Hydropower,151.5,45.51,40.63,45.8,4
2007,India,Nuclear,50.4,7.19,21.76,17.6,12
2007,India,Wind,97.3,39.67,17.77,132.4,11
2007,India,Solar,22.2,14.91,3.54,77.8,46
2008,India,Coal,875.7,181.76,114.45,215.3,808
2008,India,Natural Gas,185.6,52.97,16.15,21.1,490
2008,India,Oil & Gas,151.9,49.54,16.56,23.7,648
2008,India,Hydropower,151.4,45.48,38.98,46.7,4
2008,India,Nuclear,49.7,7.09,21.81,18.6,12
2008,India,Wind,111.4,45.42,20.61,164.3,11
2008,India,Solar,26.4,17.73,3.99,87.8,46
2009,India,Coal,851.2,176.67,104.61,209.8,837
2009,India,Natural Gas,191.1,54.54,16.37,21,487
2009,India,Oil & Gas,149.5,48.76,16.08,23.9,659
2009,India,Hydropower,153.9,46.23,39.82,48.5,4
2009,India,Nuclear,50.2,7.16,20.29,18,12
2009,India,Wind,121.2,49.41,23.22,175.9,11
2009,India,Solar,30.7,20.62,4.91,104.1,45
2010,India,Coal,823.7,170.96,99.68,201.6,813
2010,India,Natural Gas,189.2,54,15.72,22.4,502
2010,India,Oil & Gas,148.9,48.56,15.07,23.2,650
2010,India,Hydropower,151.7,45.57,39.31,44.6,4
2010,India,Nuclear,50.9,7.26,21.31,17.5,12
2010,India,Wind,131.3,53.53,25.6,182.1,11
2010,India,Solar,37.7,25.32,5.85,131.8,46
2011,India,Coal,840.6,174.47,110.85,215.9,813
2011,India,Natural Gas,185.7,53,16.15,20.8,485
2011,India,Oil & Gas,150.9,49.22,15.38,25.2,661
2011,India,Hydropower,159.4,47.89,43.66,49,4
2011,India,Nuclear,50.8,7.25,21.26,18.9,12
2011,India,Wind,153.5,62.58,27.92,228.1,11
2011,India,Solar,44.2,29.68,6.72,148.4,45
2012,India,Coal,814.9,169.14,106.64,198.3,839
2012,India,Natural Gas,192,54.79,15.84,21,487
2012,India,Oil & Gas,155,50.55,16.94,26.5,635
2012,India,Hydropower,155.9,46.83,40.66,45,4
2012,India,Nuclear,52.7,7.52,23.13,19.7,12
2012,India,Wind,161.5,65.84,30.91,227,11
2012,India,Solar,52.2,35.05,8.51,177.9,46
2013,India,Coal,827.4,171.73,107.45,200,805
2013,India,Natural Gas,192.7,54.99,16.76,22.5,481
2013,India,Oil & Gas,150.4,49.05,15.32,23.3,636
2013,India,Hydropower,161.8,48.61,41.08,51,4
2013,India,Nuclear,51.8,7.39,22.29,17.8,12
2013,India,Wind,183.7,74.89,34.58,269.4,11
2013,India,Solar,64.2,43.11,9.82,222,45
2014,India,Coal,811.7,168.47,97.99,203.9,818
2014,India,Natural Gas,195.4,55.76,16.45,23.4,496
2014,India,Oil & Gas,151.6,49.45,16.04,25.8,656
2014,India,Hydropower,158.8,47.7,39.72,47.2,4
2014,India,Nuclear,51.8,7.39,22.73,18.7,12
2014,India,Wind,203.7,83.05,37.92,302.8,11
2014,India,Solar,79.5,53.38,13.11,277.1,46
2015,India,Coal,777,161.27,101.41,191,839
2015,India,Natural Gas,193.9,55.34,15.7,21.2,498
2015,India,Oil & Gas,151.5,49.41,15.77,25.4,646
2015,India,Hydropower,158,47.46,41.12,46.8,4
2015,India,Nuclear,51,7.28,21.19,19.1,12
2015,India,Wind,221,90.1,39.84,317.2,11
2015,India,Solar,94.2,63.26,14.46,319.4,45
2016,India,Coal,765.4,158.86,97.54,196.1,812
2016,India,Natural Gas,201.1,57.39,17.61,23.9,500
2016,India,Oil & Gas,153,49.9,16.7,24,643
2016,India,Hydropower,166.3,49.96,42.1,49.1,4
2016,India,Nuclear,53.6,7.65,23.52,19.7,12
2016,India,Wind,259.2,105.68,49.69,364.1,11
2016,India,Solar,118.6,79.64,18.57,393.9,45
2017,India,Coal,757,157.12,94.78,197.5,819
2017,India,Natural Gas,204.6,58.39,16.71,22.2,495
2017,India,Oil & Gas,153.7,50.13,15.6,24,659
2017,India,Hydropower,162.8,48.91,43.57,50.3,4
2017,India,Nuclear,51.8,7.39,22.55,18.3,12
2017,India,Wind,304.7,124.23,58.59,446.3,11
2017,India,Solar,156.4,105.02,25.54,545.4,44
2018,India,Coal,724,150.27,87.65,177.8,804
2018,India,Natural Gas,196.1,55.96,16.22,21.7,492
2018,India,Oil & Gas,156.4,51.01,15.96,25.4,651
2018,India,Hydropower,161.2,48.43,41.9,49,4
2018,India,Nuclear,51.5,7.35,21.12,18.3,12
2018,India,Wind,339.7,138.49,65.37,497.9,11
2018,India,Solar,194.7,130.74,29.55,664.3,44
2019,India,Coal,725.8,150.64,89.03,174.4,820
2019,India,Natural Gas,202.4,57.76,16.6,22.4,493
2019,India,Oil & Gas,149.7,48.83,15.82,24.2,636
2019,India,Hydropower,161.5,48.52,43.03,49.1,4
2019,India,Nuclear,53.8,7.68,22.47,20,12
2019,India,Wind,402.6,164.14,78.09,567.9,11
2019,India,Solar,252.5,169.55,40.42,808.6,44
2020,India,Coal,681.8,141.51,83.32,162.9,801
2020,India,Natural Gas,199.7,56.99,17.45,22.8,492
2020,India,Oil & Gas,148.6,48.47,15.2,24.4,657
2020,India,Hydropower,167.6,50.35,42.83,52.3,4
2020,India,Nuclear,54.5,7.78,23.87,18.6,12
2020,India,Wind,451.1,183.91,88.45,654.9,11
2020,India,Solar,321.7,216.02,48.94,1095.7,46
2021,India,Coal,702.3,145.77,86.31,181.9,817
2021,India,Natural Gas,210.2,59.99,17.79,23.7,494
2021,India,Oil & Gas,156.3,50.98,15.93,26.1,661
2021,India,Hydropower,166.8,50.11,43.67,48.9,4
2021,India,Nuclear,53.6,7.65,23.54,19,12
2021,India,Wind,512.2,208.82,96.09,751.1,11
2021,India,Solar,418.5,281.02,65.49,1352.6,45
2022,India,Coal,680.4,141.22,88.26,173.6,805
2022,India,Natural Gas,204.2,58.28,17.64,22.6,499
2022,India,Oil & Gas,152.2,49.64,15.48,25.6,657
2022,India,Hydropower,171.5,51.52,45.47,49.1,4
2022,India,Nuclear,52.3,7.46,22.68,18.6,12
2022,India,Wind,586.4,239.07,113.72,820.2,11
2022,India,Solar,513.1,344.55,79.22,1695.7,44
2023,India,Coal,662,137.4,87.28,165.3,822
2023,India,Natural Gas,216.2,61.7,17.65,24.1,501
2023,India,Oil & Gas,152,49.58,15.61,23.9,657
2023,India,Hydropower,167.9,50.44,42.22,51.5,4
2023,India,Nuclear,53.3,7.61,21.86,19.2,12
2023,India,Wind,684.8,279.19,134.53,973.9,11
2023,India,Solar,659.8,443.06,107.53,2268.8,44
2024,India,Coal,624.1,129.54,79.53,162.1,831
2024,India,Natural Gas,211,60.22,18.29,24.7,485
2024,India,Oil & Gas,155.9,50.85,15.85,25.1,644
2024,India,Hydropower,172,51.67,44.63,50.4,4
2024,India,Nuclear,53.2,7.59,22.89,18.2,12
2024,India,Wind,817.5,333.29,155.22,1195.2,11
2024,India,Solar,879.8,590.79,133.86,2841.1,45
2005,UK,Coal,184.4,38.27,23.58,45.1,835
2005,UK,Natural Gas,299.9,85.59,25.27,33.6,483
2005,UK,Oil & Gas,59.1,19.28,6.01,9.9,643
2005,UK,Hydropower,20.1,6.04,5.49,5.9,4
2005,UK,Nuclear,119.3,17.02,50.22,43.8,12
2005,UK,Wind,91.4,37.26,16.71,134.5,11
2005,UK,Solar,19.5,13.09,3.04,63.9,45
2006,UK,Coal,173,35.91,21.72,44,835
2006,UK,Natural Gas,305,87.04,26.28,33.5,501
2006,UK,Oil & Gas,61,19.9,6.25,9.6,655
2006,UK,Hydropower,19.7,5.92,5.03,6.2,4
2006,UK,Nuclear,119.9,17.11,50.88,41.5,12
2006,UK,Wind,97.8,39.87,18.29,136.2,11
2006,UK,Solar,23.5,15.78,3.71,78.9,46
2007,UK,Coal,171.7,35.64,21.52,43.2,809
2007,UK,Natural Gas,297.7,84.96,26.18,33.6,486
2007,UK,Oil & Gas,59.3,19.34,6.27,9.4,651
2007,UK,Hydropower,20.1,6.04,5.28,6,4
2007,UK,Nuclear,120,17.12,48.25,44.4,12
2007,UK,Wind,114.1,46.52,21.46,166.5,11
2007,UK,Solar,28.8,19.34,4.4,94.9,45
2008,UK,Coal,170,35.28,22.03,42.8,804
2008,UK,Natural Gas,300.6,85.79,25.38,36,491
2008,UK,Oil & Gas,59.9,19.54,6.08,9.4,636
2008,UK,Hydropower,20.6,6.19,5.3,6.1,4
2008,UK,Nuclear,118.2,16.87,47.61,43,12
2008,UK,Wind,120,48.92,23.54,167.6,11
2008,UK,Solar,35.2,23.64,5.71,116.2,44
2009,UK,Coal,172.3,35.76,22.16,40.8,804
2009,UK,Natural Gas,312.6,89.21,25.05,35.3,492
2009,UK,Oil & Gas,61.2,19.96,6.14,9.9,660
2009,UK,Hydropower,21.2,6.37,5.64,6.1,4
2009,UK,Nuclear,125.8,17.95,52.14,42.7,12
2009,UK,Wind,133.9,54.59,24.2,190.4,11
2009,UK,Solar,40.9,27.46,6.63,135.4,44
2010,UK,Coal,172.9,35.89,21.95,42.2,809
2010,UK,Natural Gas,307.5,87.76,26.13,34.3,479
2010,UK,Oil & Gas,59.1,19.28,6.39,9.9,643
2010,UK,Hydropower,20.7,6.22,5.35,5.9,4
2010,UK,Nuclear,123.2,17.58,53.14,44.7,12
2010,UK,Wind,153.5,62.58,27.91,210.4,11
2010,UK,Solar,50.9,34.18,8.02,164.6,46
2011,UK,Coal,168.9,35.06,21.73,40,832
2011,UK,Natural Gas,318.9,91.01,26.85,35.6,498
2011,UK,Oil & Gas,60.5,19.73,6.11,10.2,641
2011,UK,Hydropower,20.7,6.22,5.47,6.4,4
2011,UK,Nuclear,121.4,17.32,49.12,43.7,12
2011,UK,Wind,171.6,69.96,33.84,255.7,11
2011,UK,Solar,60.1,40.36,9.75,200.6,44
2012,UK,Coal,161.4,33.5,20.02,39.9,814
2012,UK,Natural Gas,315.8,90.13,26.02,35.1,485
2012,UK,Oil & Gas,60.8,19.83,6.35,9.7,643
2012,UK,Hydropower,20.8,6.25,5.32,6.1,4
2012,UK,Nuclear,126.7,18.08,52.09,45.7,12
2012,UK,Wind,191.8,78.2,36.05,263.5,11
2012,UK,Solar,73.4,49.29,11.84,240.3,45
2013,UK,Coal,166.4,34.54,21.18,41.7,807
2013,UK,Natural Gas,328.1,93.64,28.25,36.1,483
2013,UK,Oil & Gas,59.7,19.47,6.33,9.8,656
2013,UK,Hydropower,21,6.31,5.52,6.5,4
2013,UK,Nuclear,127.1,18.14,53.24,46.3,12
2013,UK,Wind,208.5,85,37.85,306.4,11
2013,UK,Solar,87,58.42,14.22,303.9,46
2014,UK,Coal,159.5,33.11,20.71,40.8,822
2014,UK,Natural Gas,324.2,92.52,26.25,35.9,481
2014,UK,Oil & Gas,61.2,19.96,6.24,9.6,662
2014,UK,Hydropower,21.5,6.46,5.62,6.5,4
2014,UK,Nuclear,127.9,18.25,53.86,45.8,12
2014,UK,Wind,231.2,94.26,43.01,340.4,11
2014,UK,Solar,104.9,70.44,16.99,346.2,46
2015,UK,Coal,163.5,33.94,21.16,41.2,840
2015,UK,Natural Gas,321.2,91.67,28.05,38.5,501
2015,UK,Oil & Gas,60.1,19.6,6.39,9.6,644
2015,UK,Hydropower,22.3,6.7,5.64,6.7,4
2015,UK,Nuclear,124.4,17.75,53.87,42.8,12
2015,UK,Wind,261.4,106.57,48.11,360.2,11
2015,UK,Solar,125.6,84.34,20.55,429.9,45
2016,UK,Coal,156.3,32.44,19.8,37.2,816
2016,UK,Natural Gas,330.6,94.35,27.14,37.9,490
2016,UK,Oil & Gas,61.5,20.06,6.63,10.4,651
2016,UK,Hydropower,21.5,6.46,5.89,6.5,4
2016,UK,Nuclear,128.3,18.31,55.37,46.7,12
2016,UK,Wind,290.6,118.48,54.14,428.8,11
2016,UK,Solar,157.2,105.56,25.8,526.6,46
2017,UK,Coal,153.4,31.84,19.39,37.8,829
2017,UK,Natural Gas,326.8,93.26,28.55,36.8,484
2017,UK,Oil & Gas,62.7,20.45,6.55,10.4,644
2017,UK,Hydropower,22.1,6.64,6.07,6.7,4
2017,UK,Nuclear,125.9,17.97,51.85,43.6,12
2017,UK,Wind,342,139.43,63.08,486.7,11
2017,UK,Solar,197,132.29,30.63,693.2,46
2018,UK,Coal,149.5,31.03,19.3,37.6,803
2018,UK,Natural Gas,343.3,97.97,29.12,40.5,498
2018,UK,Oil & Gas,62.3,20.32,6.76,10.2,641
2018,UK,Hydropower,22.4,6.73,5.98,7,4
2018,UK,Nuclear,124.8,17.81,54.08,42.9,12
2018,UK,Wind,386.5,157.58,76.08,553,11
2018,UK,Solar,263.3,176.81,41.11,868.2,44
2019,UK,Coal,143.9,29.87,18.8,37.2,812
2019,UK,Natural Gas,335,95.61,28.95,38.4,486
2019,UK,Oil & Gas,62,20.22,6.72,9.9,654
2019,UK,Hydropower,22.5,6.76,5.89,6.8,4
2019,UK,Nuclear,130.8,18.66,53.61,48,12
2019,UK,Wind,453.9,185.05,85.13,624.3,11
2019,UK,Solar,337.6,226.7,52.64,1152.6,45
2020,UK,Coal,144.5,29.99,17.91,35.6,831
2020,UK,Natural Gas,351.1,100.2,28.76,40.6,487
2020,UK,Oil & Gas,62.2,20.29,6.46,10,656
2020,UK,Hydropower,22.1,6.64,5.92,6.4,4
2020,UK,Nuclear,127.3,18.16,55.18,43.8,12
2020,UK,Wind,508.5,207.31,92.64,761,11
2020,UK,Solar,417.2,280.15,65.51,1403.2,44
2021,UK,Coal,140.3,29.12,18.14,34.8,820
2021,UK,Natural Gas,346.2,98.8,30.36,38.1,496
2021,UK,Oil & Gas,62.3,20.32,6.58,10,663
2021,UK,Hydropower,21.7,6.52,5.62,6.2,4
2021,UK,Nuclear,125.6,17.92,53.01,45.7,12
2021,UK,Wind,579.8,236.38,108.89,867.8,11
2021,UK,Solar,544.2,365.43,85.91,1769.2,45
2022,UK,Coal,133.8,27.77,17.2,35,811
2022,UK,Natural Gas,354.1,101.06,28.77,39.4,500
2022,UK,Oil & Gas,60.9,19.86,6.37,10.1,644
2022,UK,Hydropower,22.6,6.79,5.69,7,4
2022,UK,Nuclear,132.6,18.92,55.68,48.8,12
2022,UK,Wind,689.5,281.11,126.66,966.6,11
2022,UK,Solar,710.3,476.97,113.49,2399.5,44
2023,UK,Coal,127.4,26.44,15.8,30.7,832
2023,UK,Natural Gas,343.4,98,28.21,38.3,484
2023,UK,Oil & Gas,59.7,19.47,6.03,9.8,650
2023,UK,Hydropower,22.7,6.82,6.14,6.5,4
2023,UK,Nuclear,125.4,17.89,51.13,43,12
2023,UK,Wind,802.1,327.01,152.59,1107.4,11
2023,UK,Solar,888.9,596.9,133.97,2925.2,46
2024,UK,Coal,129.8,26.94,15.6,32.7,830
2024,UK,Natural Gas,345.3,98.54,28.47,40.9,488
2024,UK,Oil & Gas,60.4,19.7,6.16,9.5,649
2024,UK,Hydropower,22.2,6.67,5.96,6.6,4
2024,UK,Nuclear,126.4,18.04,54.09,43.5,12
2024,UK,Wind,905.6,369.21,171.34,1300.4,11
2024,UK,Solar,1148.2,771.02,189.06,4002.3,45
2005,France,Coal,79.2,16.44,10.34,20.4,835
2005,France,Natural Gas,154,43.95,13.19,17.3,479
2005,France,Oil & Gas,40.8,13.31,4.41,6.9,659
2005,France,Hydropower,77.9,23.4,20.24,24,4
2005,France,Nuclear,411.8,58.76,170.79,144,12
2005,France,Wind,61.4,25.03,11.08,88.5,11
2005,France,Solar,24.7,16.59,3.98,79.8,45
2006,France,Coal,79.4,16.48,10.2,19,827
2006,France,Natural Gas,151.6,43.26,12.85,17.9,488
2006,France,Oil & Gas,40.9,13.34,4.26,6.5,645
2006,France,Hydropower,80.5,24.18,21.77,24.8,4
2006,France,Nuclear,404.1,57.66,164.98,137,12
2006,France,Wind,65,26.5,12.85,92.3,11
2006,France,Solar,29.3,19.67,4.75,99.1,45
2007,France,Coal,78.3,16.25,9.85,20.4,833
2007,France,Natural Gas,155.8,44.46,12.73,17.3,479
2007,France,Oil & Gas,39.4,12.85,4.18,6.3,659
2007,France,Hydropower,81.8,24.57,21.03,24.6,4
2007,France,Nuclear,409.1,58.38,177.26,143.3,12
2007,France,Wind,72.1,29.39,13.42,101.3,11
2007,France,Solar,35.3,23.7,5.43,119.4,45
2008,France,Coal,75.9,15.75,9.7,19.6,821
2008,France,Natural Gas,149.7,42.72,12.03,16.3,479
2008,France,Oil & Gas,40.1,13.08,4.07,6.7,641
2008,France,Hydropower,83.6,25.11,22.33,26.2,4
2008,France,Nuclear,395,56.36,170.33,144.9,12
2008,France,Wind,83.1,33.88,15.84,123,11
2008,France,Solar,42.6,28.61,6.82,144.5,45
2009,France,Coal,74.3,15.42,9.16,17.8,802
2009,France,Natural Gas,157.3,44.89,12.87,18.2,496
2009,France,Oil & Gas,39.5,12.88,4.04,6.2,659
2009,France,Hydropower,83.4,25.05,22,26.2,4
2009,France,Nuclear,414.3,59.12,171.07,144.5,12
2009,France,Wind,89.9,36.65,16.45,123.3,11
2009,France,Solar,50.9,34.18,8.15,175.4,45
2010,France,Coal,77,15.98,9.84,19.1,837
2010,France,Natural Gas,152.8,43.61,12.94,17.5,491
2010,France,Oil & Gas,39.2,12.79,4.18,6.3,634
2010,France,Hydropower,82.6,24.81,21.88,25.4,4
2010,France,Nuclear,419.7,59.89,175.47,155,12
2010,France,Wind,103.4,42.16,20.14,141,11
2010,France,Solar,60.6,40.69,9.87,199.3,46
2011,France,Coal,72.4,15.03,9.54,17.7,813
2011,France,Natural Gas,156.1,44.55,12.61,17.6,498
2011,France,Oil & Gas,40.5,13.21,4.25,6.7,642
2011,France,Hydropower,84.3,25.32,22.99,25.1,4
2011,France,Nuclear,405.8,57.91,163.71,141,12
2011,France,Wind,111.5,45.46,20.75,164.5,11
2011,France,Solar,73.1,49.09,11.15,256.2,45
2012,France,Coal,71.4,14.82,9.28,18.5,809
2012,France,Natural Gas,159.6,45.55,12.96,18.8,500
2012,France,Oil & Gas,40.8,13.31,4.25,6.4,662
2012,France,Hydropower,84.6,25.41,21.5,24.3,4
2012,France,Nuclear,417.8,59.62,168.38,150,12
2012,France,Wind,123.9,50.51,22.52,173.3,11
2012,France,Solar,87.3,58.62,14.31,286.2,45
2013,France,Coal,72.4,15.03,8.71,17.9,826
2013,France,Natural Gas,155.4,44.35,13.58,17.5,497
2013,France,Oil & Gas,41.6,13.57,4.3,6.6,656
2013,France,Hydropower,84.6,25.41,22.59,26,4
2013,France,Nuclear,414.7,59.18,171.99,155.1,12
2013,France,Wind,137.7,56.14,25.51,204.5,11
2013,France,Solar,109.2,73.33,17.66,383.8,45
2014,France,Coal,70.3,14.59,8.87,17.9,840
2014,France,Natural Gas,161.7,46.15,13.25,18.5,501
2014,France,Oil & Gas,41.2,13.44,4.16,6.5,661
2014,France,Hydropower,83.8,25.17,22.25,25.1,4
2014,France,Nuclear,427.7,61.03,175.75,149,12
2014,France,Wind,154.6,63.03,28.31,225.7,11
2014,France,Solar,125.2,84.07,18.81,428.6,45
2015,France,Coal,69.7,14.47,9.14,17.7,829
2015,France,Natural Gas,161.8,46.18,13.74,17.7,499
2015,France,Oil & Gas,40.4,13.18,4.18,6.8,653
2015,France,Hydropower,85.2,25.59,22.89,25,4
2015,France,Nuclear,409.1,58.38,168.29,145.9,12
2015,France,Wind,168,68.49,32.13,248.3,11
2015,France,Solar,155.5,104.42,23.79,522.8,44
2016,France,Coal,68.8,14.28,8.78,16.5,824
2016,France,Natural Gas,161.1,45.98,13.76,19.2,483
2016,France,Oil & Gas,41.4,13.5,4.45,7.1,648
2016,France,Hydropower,87.2,26.2,23.27,27,4
2016,France,Nuclear,414.1,59.09,175.6,145.6,12
2016,France,Wind,192.5,78.48,35.52,273.7,11
2016,France,Solar,200.8,134.84,31.15,648.2,44
2017,France,Coal,68.2,14.16,8.35,17,810
2017,France,Natural Gas,164.1,46.83,13.37,19.4,483
2017,France,Oil & Gas,41.8,13.63,4.47,6.8,666
2017,France,Hydropower,88.6,26.62,23.19,27.4,4
2017,France,Nuclear,423.8,60.47,174.03,153.4,12
2017,France,Wind,220.2,89.77,42.74,319.4,11
2017,France,Solar,249.8,167.74,39.15,838.2,45
2018,France,Coal,64,13.28,8.26,15.6,810
2018,France,Natural Gas,165.7,47.29,14.12,18.4,494
2018,France,Oil & Gas,39.7,12.95,4.24,6.2,644
2018,France,Hydropower,88.9,26.71,22.57,26.6,4
2018,France,Nuclear,423.3,60.4,173.51,154.8,12
2018,France,Wind,253.7,103.43,46.63,377.8,11
2018,France,Solar,316.3,212.4,48.48,1070.9,44
2019,France,Coal,64.3,13.35,8.16,15.8,828
2019,France,Natural Gas,165,47.09,13.52,18.4,489
2019,France,Oil & Gas,39.9,13.01,4.33,6.2,645
2019,France,Hydropower,89,26.74,22.88,26.5,4
2019,France,Nuclear,420.9,60.06,170.07,149,12
2019,France,Wind,291.3,118.76,56.55,396.7,11
2019,France,Solar,406.2,272.76,65.17,1368.7,45
2020,France,Coal,61.6,12.79,8.11,15.7,834
2020,France,Natural Gas,174.4,49.77,14.48,20.7,483
2020,France,Oil & Gas,39.6,12.92,4.13,6.7,664
2020,France,Hydropower,89.2,26.8,24.07,27.8,4
2020,France,Nuclear,433.3,61.83,175.91,161.8,12
2020,France,Wind,349.7,142.57,67.48,508.9,11
2020,France,Solar,533.6,358.31,83.64,1742.8,45
2021,France,Coal,62.7,13.01,7.53,15.7,821
2021,France,Natural Gas,177.6,50.68,15.36,20,488
2021,France,Oil & Gas,39.9,13.01,4.12,6.4,635
2021,France,Hydropower,89.5,26.89,24.19,26.1,4
2021,France,Nuclear,423,60.36,177.85,145.8,12
2021,France,Wind,388.3,158.31,72.58,544.8,11
2021,France,Solar,660.7,443.66,99.4,2277.6,45
2022,France,Coal,58.3,12.1,7.61,14.8,840
2022,France,Natural Gas,177.7,50.71,14.98,19.9,482
2022,France,Oil & Gas,41.8,13.63,4.21,6.7,634
2022,France,Hydropower,89.5,26.89,22.81,27.6,4
2022,France,Nuclear,419.8,59.9,172.92,154.3,12
2022,France,Wind,453.9,185.05,89.04,667.4,11
2022,France,Solar,856.7,575.28,137.98,2945.9,45
2023,France,Coal,59.2,12.29,7.49,15,834
2023,France,Natural Gas,173.1,49.4,13.88,19.2,498
2023,France,Oil & Gas,41.9,13.67,4.24,6.6,665
2023,France,Hydropower,90,27.04,23.13,28.3,4
2023,France,Nuclear,428.8,61.19,185.98,147.6,12
2023,France,Wind,522.4,212.98,101.65,717.6,11
2023,France,Solar,1123.6,754.5,169.68,3590.9,44
2024,France,Coal,56.7,11.77,7.34,14.3,806
2024,France,Natural Gas,179.6,51.26,14.44,19.9,494
2024,France,Oil & Gas,41.8,13.63,4.48,7.2,664
2024,France,Hydropower,88.8,26.68,23.28,27.1,4
2024,France,Nuclear,420.1,59.95,172.6,157.1,12
2024,France,Wind,589,240.13,114.47,803.1,11
2024,France,Solar,1408.9,946.08,223.35,4685.2,46
2005,Brazil,Coal,50.7,10.52,6.09,12.5,822
2005,Brazil,Natural Gas,178.2,50.86,15.08,19.5,495
2005,Brazil,Oil & Gas,302.4,98.63,33.15,47.4,661
2005,Brazil,Hydropower,497.9,149.57,124.57,143.8,4
2005,Brazil,Nuclear,30.3,4.32,12.42,10.3,12
2005,Brazil,Wind,49.7,20.26,9.22,70.2,11
2005,Brazil,Solar,9.8,6.58,1.5,31.7,44
2006,Brazil,Coal,49.4,10.25,6.12,11.8,806
2006,Brazil,Natural Gas,183,52.23,15.53,20.5,498
2006,Brazil,Oil & Gas,296.3,96.64,31.12,46,656
2006,Brazil,Hydropower,517.8,155.55,139.91,154.1,4
2006,Brazil,Nuclear,30.3,4.32,12.25,11,12
2006,Brazil,Wind,54.9,22.38,10.46,79.9,11
2006,Brazil,Solar,12.3,8.26,1.91,39.7,45
2007,Brazil,Coal,49,10.17,5.94,12.3,837
2007,Brazil,Natural Gas,180.9,51.63,15.23,21.2,480
2007,Brazil,Oil & Gas,292.2,95.3,30.15,46.6,651
2007,Brazil,Hydropower,517.6,155.49,140.15,150.4,4
2007,Brazil,Nuclear,31,4.42,13.53,10.7,12
2007,Brazil,Wind,61.5,25.07,11.83,90.2,11
2007,Brazil,Solar,14.3,9.6,2.16,49.7,44
2008,Brazil,Coal,48.1,9.98,6.16,12.4,810
2008,Brazil,Natural Gas,189.9,54.2,16.63,22.5,485
2008,Brazil,Oil & Gas,298.8,97.46,30.47,49.3,646
2008,Brazil,Hydropower,508,152.61,131.33,150.5,4
2008,Brazil,Nuclear,30.2,4.31,12.69,10.4,12
2008,Brazil,Wind,69.6,28.38,13.66,101.5,11
2008,Brazil,Solar,17.6,11.82,2.86,57.4,44
2009,Brazil,Coal,46.7,9.69,6.16,11.3,805
2009,Brazil,Natural Gas,190.4,54.34,16.13,22,487
2009,Brazil,Oil & Gas,301.6,98.37,31.03,50.7,647
2009,Brazil,Hydropower,529.3,159.01,139.7,151.4,4
2009,Brazil,Nuclear,30.6,4.37,12.84,10.5,12
2009,Brazil,Wind,75.7,30.86,14.59,112.5,11
2009,Brazil,Solar,20.7,13.9,3.26,67,45
2010,Brazil,Coal,45.7,9.49,5.54,11.1,819
2010,Brazil,Natural Gas,190,54.22,15.81,21.3,481
2010,Brazil,Oil & Gas,310.4,101.24,31.16,49.6,661
2010,Brazil,Hydropower,514,154.41,136.24,154.9,4
2010,Brazil,Nuclear,31.2,4.45,12.59,11.5,12
2010,Brazil,Wind,82,33.43,15.9,120,11
2010,Brazil,Solar,25.1,16.85,4.03,82.4,46
2011,Brazil,Coal,47.7,9.9,5.97,12.4,824
2011,Brazil,Natural Gas,191.5,54.65,16.32,20.9,501
2011,Brazil,Oil & Gas,298.1,97.23,30.8,48.6,663
2011,Brazil,Hydropower,533,160.12,137.26,160.1,4
2011,Brazil,Nuclear,30.9,4.41,12.39,11.4,12
2011,Brazil,Wind,94.7,38.61,17.87,135.7,11
2011,Brazil,Solar,30.5,20.48,4.98,105.4,44
2012,Brazil,Coal,46.5,9.65,5.82,12,812
2012,Brazil,Natural Gas,186.9,53.34,16.05,21.1,491
2012,Brazil,Oil & Gas,312.6,101.96,33.81,52.3,654
2012,Brazil,Hydropower,519.7,156.12,140.44,163.3,4
2012,Brazil,Nuclear,31.3,4.47,13.15,11.5,12
2012,Brazil,Wind,104.6,42.65,19.81,146.3,11
2012,Brazil,Solar,35.3,23.7,5.69,119.1,45
2013,Brazil,Coal,44.6,9.26,5.83,11.2,816
2013,Brazil,Natural Gas,194.4,55.48,16.39,22.2,492
2013,Brazil,Oil & Gas,296.5,96.71,30.37,48.6,660
2013,Brazil,Hydropower,530.1,159.25,144.93,165.3,4
2013,Brazil,Nuclear,31.2,4.45,13,10.9,12
2013,Brazil,Wind,111.9,45.62,21.39,161.9,11
2013,Brazil,Solar,42.8,28.74,6.88,145.6,44
2014,Brazil,Coal,43.6,9.05,5.26,10.6,828
2014,Brazil,Natural Gas,198.1,56.54,17.14,23.2,486
2014,Brazil,Oil & Gas,310.9,101.4,32.83,48.4,660
2014,Brazil,Hydropower,527.8,158.56,134.7,152.9,4
2014,Brazil,Nuclear,32.1,4.58,13.41,11.9,12
2014,Brazil,Wind,129.3,52.72,24.14,186.8,11
2014,Brazil,Solar,51.4,34.52,7.79,167.6,45
2015,Brazil,Coal,43.6,9.05,5.53,10.6,809
2015,Brazil,Natural Gas,189.7,54.14,15.79,21.3,492
2015,Brazil,Oil & Gas,297.9,97.16,32.74,50.6,655
2015,Brazil,Hydropower,547.9,164.59,148.65,169.2,4
2015,Brazil,Nuclear,32,4.57,13.55,11.3,12
2015,Brazil,Wind,145.9,59.48,27.16,215.5,11
2015,Brazil,Solar,62.2,41.77,10.08,215,44
2016,Brazil,Coal,44,9.13,5.3,11.1,818
2016,Brazil,Natural Gas,194,55.37,16.34,22.1,489
2016,Brazil,Oil & Gas,311.2,101.5,32.66,48.4,648
2016,Brazil,Hydropower,549.5,165.07,150.56,161.9,4
2016,Brazil,Nuclear,32.6,4.65,13.74,11.4,12
2016,Brazil,Wind,168.1,68.53,30.72,244.2,11
2016,Brazil,Solar,80,53.72,13.12,262.8,45
2017,Brazil,Coal,42.5,8.82,5.37,10.1,811
2017,Brazil,Natural Gas,198.2,56.56,17.08,23.2,479
2017,Brazil,Oil & Gas,305.4,99.61,30.98,52.2,652
2017,Brazil,Hydropower,538.3,161.71,143.29,159.2,4
2017,Brazil,Nuclear,31.9,4.55,12.8,11.9,12
2017,Brazil,Wind,182.9,74.57,33.25,256.4,11
2017,Brazil,Solar,99.8,67.02,15.68,340,46
2018,Brazil,Coal,41.2,8.55,5.19,10.6,805
2018,Brazil,Natural Gas,195,55.65,15.69,23.1,496
2018,Brazil,Oil & Gas,306.9,100.1,33.68,50,653
2018,Brazil,Hydropower,543.8,163.36,139.4,169.7,4
2018,Brazil,Nuclear,31.7,4.52,13.36,11.2,12
2018,Brazil,Wind,213.5,87.04,39.27,318.5,11
2018,Brazil,Solar,129.6,87.03,20.62,427,46
2019,Brazil,Coal,41.1,8.53,5.29,9.8,814
2019,Brazil,Natural Gas,207.5,59.22,17.04,24.5,478
2019,Brazil,Oil & Gas,302.9,98.79,31.13,49.5,641
2019,Brazil,Hydropower,548.9,164.89,137.79,169.5,4
2019,Brazil,Nuclear,31.3,4.47,13.72,11.1,12
2019,Brazil,Wind,247.1,100.74,47.26,360.2,11
2019,Brazil,Solar,167.2,112.28,26.25,560,44
2020,Brazil,Coal,39.5,8.2,5,10,828
2020,Brazil,Natural Gas,204.4,58.33,16.64,23.5,479
2020,Brazil,Oil & Gas,302.1,98.53,32.11,49.8,646
2020,Brazil,Hydropower,551,165.53,149.99,167.1,4
2020,Brazil,Nuclear,31.1,4.44,13.22,10.8,12
2020,Brazil,Wind,281.9,114.93,55.58,405.8,11
2020,Brazil,Solar,215.1,144.44,34.54,711.5,45
2021,Brazil,Coal,37.8,7.85,4.78,9,826
2021,Brazil,Natural Gas,205.6,58.68,16.97,22.7,479
2021,Brazil,Oil & Gas,298.7,97.42,31.97,47.2,657
2021,Brazil,Hydropower,542.8,163.06,139.88,168.2,4
2021,Brazil,Nuclear,32.3,4.61,13.81,12,12
2021,Brazil,Wind,333.1,135.8,60.39,483.4,11
2021,Brazil,Solar,273,183.32,44.8,923.6,45
2022,Brazil,Coal,37.3,7.74,4.7,9.5,805
2022,Brazil,Natural Gas,208.5,59.5,17.39,24.2,483
2022,Brazil,Oil & Gas,300.8,98.11,30.61,49,653
2022,Brazil,Hydropower,557.9,167.6,145.48,174.3,4
2022,Brazil,Nuclear,32.6,4.65,13.76,11.8,12
2022,Brazil,Wind,383.5,156.35,72.37,522.1,11
2022,Brazil,Solar,346.6,232.74,54.86,1126.8,44
2023,Brazil,Coal,35.6,7.39,4.7,8.6,802
2023,Brazil,Natural Gas,217.1,61.96,18.94,25.4,496
2023,Brazil,Oil & Gas,304.6,99.35,30.68,50.2,657
2023,Brazil,Hydropower,552,165.83,151.77,166.5,4
2023,Brazil,Nuclear,31.5,4.49,13.19,10.9,12
2023,Brazil,Wind,430.7,175.6,82.83,600.6,11
2023,Brazil,Solar,441,296.13,71.9,1422.6,46
2024,Brazil,Coal,34.4,7.14,4.4,8.6,803
2024,Brazil,Natural Gas,218.2,62.27,19.02,26.1,480
2024,Brazil,Oil & Gas,311.8,101.7,33.26,53.1,636
2024,Brazil,Hydropower,554.2,166.49,150.13,173.1,4
2024,Brazil,Nuclear,32.7,4.67,14.33,11.4,12
2024,Brazil,Wind,508.3,207.23,97.49,742,11
2024,Brazil,Solar,579.5,389.14,91.33,2040,45
2005,Japan,Coal,396.1,82.21,51.1,101.1,821
2005,Japan,Natural Gas,591,168.66,50.14,65.3,492
2005,Japan,Oil & Gas,200.2,65.3,20.8,33.6,646
2005,Japan,Hydropower,102.4,30.76,27.44,30.8,4
2005,Japan,Nuclear,297.3,42.42,122.3,107.6,12
2005,Japan,Wind,19.9,8.11,3.81,29.7,11
2005,Japan,Solar,48.8,32.77,8.05,169.8,44
2006,Japan,Coal,384.2,79.74,48,91.4,815
2006,Japan,Natural Gas,616.7,176,53.98,73.6,502
2006,Japan,Oil & Gas,195.1,63.63,19.94,31.9,664
2006,Japan,Hydropower,101.7,30.55,27.55,31.7,4
2006,Japan,Nuclear,303.5,43.31,126.61,104.5,12
2006,Japan,Wind,22.9,9.34,4.41,33.1,11
2006,Japan,Solar,59.9,40.22,9.58,193.7,45
2007,Japan,Coal,392.6,81.49,50.84,96.5,821
2007,Japan,Natural Gas,597.6,170.55,48.89,71.2,481
2007,Japan,Oil & Gas,203.8,66.47,22.42,33.9,651
2007,Japan,Hydropower,100.4,30.16,26.1,30.5,4
2007,Japan,Nuclear,302.2,43.12,131.54,108.5,12
2007,Japan,Wind,24,9.78,4.61,33.2,11
2007,Japan,Solar,72.2,48.48,11.42,236.7,45
2008,Japan,Coal,380.8,79.04,48,91.8,835
2008,Japan,Natural Gas,605.7,172.86,50.23,65.9,486
2008,Japan,Oil & Gas,201.4,65.69,21.12,32.6,634
2008,Japan,Hydropower,105.4,31.66,28.72,31.1,4
2008,Japan,Nuclear,296.7,42.34,129.68,106.7,12
2008,Japan,Wind,28.1,11.46,5.27,41.1,11
2008,Japan,Solar,85.5,57.41,13.21,296.4,45
2009,Japan,Coal,389.8,80.9,48.12,94.4,836
2009,Japan,Natural Gas,631.6,180.25,53.37,68.9,502
2009,Japan,Oil & Gas,196.7,64.16,20.38,33.6,664
2009,Japan,Hydropower,104.7,31.45,27.09,31.5,4
2009,Japan,Nuclear,302.9,43.22,123.71,105.4,12
2009,Japan,Wind,30,12.23,5.46,43.2,11
2009,Japan,Solar,104.6,70.24,17,346.6,45
2010,Japan,Coal,380.5,78.97,45.94,93.3,840
2010,Japan,Natural Gas,637,181.79,51.75,70.9,496
2010,Japan,Oil & Gas,201.3,65.66,20.19,33,657
2010,Japan,Hydropower,106.3,31.93,27.8,31.3,4
2010,Japan,Nuclear,302.2,43.12,122,102.7,12
2010,Japan,Wind,34.5,14.07,6.56,48.7,11
2010,Japan,Solar,127.4,85.55,20.48,406.4,44
2011,Japan,Coal,378.3,78.52,47.49,94.1,805
2011,Japan,Natural Gas,641.9,183.19,53.6,74.5,482
2011,Japan,Oil & Gas,202.3,65.98,22.12,33,647
2011,Japan,Hydropower,102.7,30.85,27.5,29.6,4
2011,Japan,Nuclear,301.2,42.98,131.62,106.3,12
2011,Japan,Wind,38.1,15.53,7.09,55.4,11
2011,Japan,Solar,148.4,99.65,24,492.3,45
2012,Japan,Coal,365.1,75.78,46.52,88.4,825
2012,Japan,Natural Gas,628.3,179.31,53.3,74,489
2012,Japan,Oil & Gas,203.7,66.44,21,31.9,636
2012,Japan,Hydropower,105.6,31.72,26.67,32.9,4
2012,Japan,Nuclear,310.2,44.26,124.2,105.3,12
2012,Japan,Wind,41,16.72,8.1,59.8,11
2012,Japan,Solar,184.1,123.62,29.21,627.7,46
2013,Japan,Coal,366.9,76.15,47.31,90.8,828
2013,Japan,Natural Gas,654.9,186.9,55.85,72.4,480
2013,Japan,Oil & Gas,199,64.91,21.54,33,643
2013,Japan,Hydropower,106.3,31.93,27.82,31.1,4
2013,Japan,Nuclear,317.9,45.36,133.04,108.2,12
2013,Japan,Wind,46.4,18.92,8.86,64.3,11
2013,Japan,Solar,217.8,146.25,34.86,729.4,46
2014,Japan,Coal,366.9,76.15,45.63,91.7,827
2014,Japan,Natural Gas,649.9,185.47,56.83,75.6,495
2014,Japan,Oil & Gas,200.9,65.53,20.19,32.6,658
2014,Japan,Hydropower,109.1,32.77,27.97,33.5,4
2014,Japan,Nuclear,322.4,46,129.63,116.5,12
2014,Japan,Wind,50.7,20.67,9.94,72.9,11
2014,Japan,Solar,251.8,169.08,40.93,826.2,44
2015,Japan,Coal,356.3,73.95,45.55,90.6,816
2015,Japan,Natural Gas,643.6,183.68,55.99,77.1,487
2015,Japan,Oil & Gas,205,66.86,21.09,34.2,655
2015,Japan,Hydropower,105.4,31.66,26.77,31.2,4
2015,Japan,Nuclear,320.1,45.68,139.87,116.2,12
2015,Japan,Wind,58,23.65,10.81,84.7,11
2015,Japan,Solar,306.9,206.08,46.44,998.7,45
2016,Japan,Coal,354.7,73.62,45.9,86.4,822
2016,Japan,Natural Gas,667.6,190.53,58.02,76.6,484
2016,Japan,Oil & Gas,198.6,64.77,20.44,31.4,656
2016,Japan,Hydropower,109.7,32.95,29.78,33.5,4
2016,Japan,Nuclear,308,43.95,130.61,109.3,12
2016,Japan,Wind,63.4,25.85,12.22,89.3,11
2016,Japan,Solar,403.1,270.68,62.2,1372.1,44
2017,Japan,Coal,346,71.81,44.27,82.8,828
2017,Japan,Natural Gas,664.3,189.58,55.39,78.7,483
2017,Japan,Oil & Gas,204.3,66.63,20.43,32,652
2017,Japan,Hydropower,111.9,33.62,30.25,32.2,4
2017,Japan,Nuclear,322.6,46.03,129.32,116.3,12
2017,Japan,Wind,76.4,31.15,13.9,109.7,11
2017,Japan,Solar,506.8,340.32,80,1632.4,45
2018,Japan,Coal,325.8,67.62,41.55,82.4,827
2018,Japan,Natural Gas,665.2,189.84,57.29,78,500
2018,Japan,Oil & Gas,207.9,67.81,20.98,34.4,665
2018,Japan,Hydropower,109.3,32.83,29.79,32.2,4
2018,Japan,Nuclear,313.9,44.79,126.99,108.3,12
2018,Japan,Wind,86.4,35.23,17.06,126.2,11
2018,Japan,Solar,654.4,439.43,98.78,2208.1,46
2019,Japan,Coal,322.3,66.89,40.14,83.3,810
2019,Japan,Natural Gas,676.2,192.98,59.48,74.5,494
2019,Japan,Oil & Gas,209.4,68.3,22.22,33.6,666
2019,Japan,Hydropower,111.8,33.59,30.05,34.4,4
2019,Japan,Nuclear,310.7,44.34,126.59,115.8,12
2019,Japan,Wind,96.8,39.47,18.66,134.8,11
2019,Japan,Solar,838.5,563.05,133.76,2735,46
2020,Japan,Coal,316.2,65.63,39.15,80.6,816
2020,Japan,Natural Gas,701.2,200.11,61.61,82.4,480
2020,Japan,Oil & Gas,209.4,68.3,21.36,34.7,644
2020,Japan,Hydropower,108.5,32.59,28.8,32.4,4
2020,Japan,Nuclear,313.2,44.69,134.49,108.4,12
2020,Japan,Wind,115.5,47.09,22.56,165.3,11
2020,Japan,Solar,1036.5,696.01,155.7,3432.6,44
2021,Japan,Coal,304,63.1,39.05,78.1,821
2021,Japan,Natural Gas,704.4,201.03,59.8,78.9,487
2021,Japan,Oil & Gas,208.8,68.1,21.36,35.1,647
2021,Japan,Hydropower,114.7,34.46,31.28,33.7,4
2021,Japan,Nuclear,326.8,46.63,132.51,114.2,12
2021,Japan,Wind,129,52.59,24.47,178.4,11
2021,Japan,Solar,1361.2,914.05,204.67,4610,45
2022,Japan,Coal,292.7,60.75,35.61,69.3,823
2022,Japan,Natural Gas,692.5,197.63,56.76,77.7,487
2022,Japan,Oil & Gas,201.1,65.59,21.01,31.9,641
2022,Japan,Hydropower,111.4,33.47,28.32,32.5,4
2022,Japan,Nuclear,321.5,45.88,137.74,118.9,12
2022,Japan,Wind,150.7,61.44,28.6,208.9,11
2022,Japan,Solar,1770.5,1188.89,267.56,5797.1,46
2023,Japan,Coal,288.8,59.94,38.12,69.1,826
2023,Japan,Natural Gas,694.8,198.29,56.8,76.4,492
2023,Japan,Oil & Gas,205.1,66.89,20.67,33.5,649
2023,Japan,Hydropower,112.3,33.74,29.51,34.1,4
2023,Japan,Nuclear,325.1,46.39,141.15,121,12
2023,Japan,Wind,178.3,72.69,33.5,246.6,11
2023,Japan,Solar,2190.5,1470.92,360.78,7163.2,45
2024,Japan,Coal,280.9,58.3,33.96,70.9,817
2024,Japan,Natural Gas,715.3,204.14,62.25,81.6,478
2024,Japan,Oil & Gas,200.1,65.26,21.52,31.1,653
2024,Japan,Hydropower,111.8,33.59,30.54,32.3,4
2024,Japan,Nuclear,325.7,46.48,132.88,113.5,12
2024,Japan,Wind,203,82.76,37.69,301.4,11
2024,Japan,Solar,2776.9,1864.69,429.34,9439.1,45
2005,Australia,Coal,305,63.3,40,78.1,820
2005,Australia,Natural Gas,279.6,79.79,22.99,32,490
2005,Australia,Oil & Gas,60.1,19.6,6.36,10.2,640
2005,Australia,Hydropower,40.8,12.26,10.61,12.7,4
2005,Australia,Nuclear,0,0,0,0,12
2005,Australia,Wind,59.4,24.22,11.64,85,11
2005,Australia,Solar,30.6,20.55,4.98,107.9,46
2006,Australia,Coal,295.6,61.35,36.13,71,834
2006,Australia,Natural Gas,276.2,78.82,23.11,31.4,479
2006,Australia,Oil & Gas,61.3,19.99,6.49,10,664
2006,Australia,Hydropower,39.2,11.78,10.55,11.5,4
2006,Australia,Nuclear,0,0,0,0,12
2006,Australia,Wind,67.6,27.56,12.58,94.6,11
2006,Australia,Solar,35.3,23.7,5.52,118.9,45
2007,Australia,Coal,299.5,62.16,38.35,72.8,803
2007,Australia,Natural Gas,285,81.34,24.63,31.7,501
2007,Australia,Oil & Gas,59.3,19.34,6.36,10.1,655
2007,Australia,Hydropower,40.4,12.14,10.99,12,4
2007,Australia,Nuclear,0,0,0,0,12
2007,Australia,Wind,74.6,30.41,13.64,106.4,11
2007,Australia,Solar,43.2,29.01,6.97,138.9,45
2008,Australia,Coal,292.1,60.63,37.56,71.9,838
2008,Australia,Natural Gas,279.3,79.71,22.6,33.1,499
2008,Australia,Oil & Gas,60.9,19.86,6.25,9.8,666
2008,Australia,Hydropower,39.8,11.96,10.62,12.4,4
2008,Australia,Nuclear,0,0,0,0,12
2008,Australia,Wind,82.5,33.64,16.26,123.4,11
2008,Australia,Solar,50.4,33.84,7.64,175.9,45
2009,Australia,Coal,292.5,60.71,36.95,73.4,805
2009,Australia,Natural Gas,284.8,81.28,23.91,31.9,484
2009,Australia,Oil & Gas,59.5,19.41,6.07,9.7,640
2009,Australia,Hydropower,42.1,12.65,10.7,12.8,4
2009,Australia,Nuclear,0,0,0,0,12
2009,Australia,Wind,91.1,37.14,17.89,128.4,11
2009,Australia,Solar,63.5,42.64,10.41,206.7,45
2010,Australia,Coal,279.3,57.97,36.49,71.7,801
2010,Australia,Natural Gas,286.3,81.71,23.63,32.4,490
2010,Australia,Oil & Gas,60.3,19.67,6.32,9.7,644
2010,Australia,Hydropower,42.5,12.77,11.33,13.1,4
2010,Australia,Nuclear,0,0,0,0,12
2010,Australia,Wind,99.9,40.73,18.83,143.1,11
2010,Australia,Solar,74.5,50.03,11.98,253.7,45
2011,Australia,Coal,271.5,56.35,32.62,68.5,823
2011,Australia,Natural Gas,298.6,85.22,24.55,33.8,480
2011,Australia,Oil & Gas,61.6,20.09,6.67,10.1,636
2011,Australia,Hydropower,42.2,12.68,11.38,12.3,4
2011,Australia,Nuclear,0,0,0,0,12
2011,Australia,Wind,112.1,45.7,21.35,154.2,11
2011,Australia,Solar,88.3,59.29,14.22,285.5,46
2012,Australia,Coal,282.6,58.66,34.27,71.7,839
2012,Australia,Natural Gas,289.3,82.56,23.9,32.4,485
2012,Australia,Oil & Gas,60.9,19.86,6.42,10.2,649
2012,Australia,Hydropower,42.5,12.77,11.02,13.3,4
2012,Australia,Nuclear,0,0,0,0,12
2012,Australia,Wind,121.1,49.37,23.25,164.3,11
2012,Australia,Solar,110.2,74,17.65,363.5,45
2013,Australia,Coal,276.7,57.43,33.39,69.2,819
2013,Australia,Natural Gas,301.8,86.13,24.7,35.3,501
2013,Australia,Oil & Gas,59.3,19.34,6.15,10.1,666
2013,Australia,Hydropower,43.9,13.19,11.72,13.2,4
2013,Australia,Nuclear,0,0,0,0,12
2013,Australia,Wind,137.7,56.14,26,205,11
2013,Australia,Solar,127.5,85.62,19.65,433.7,46
2014,Australia,Coal,262.7,54.52,34.54,66.9,832
2014,Australia,Natural Gas,306.9,87.59,25.93,35.6,500
2014,Australia,Oil & Gas,60.4,19.7,6.19,9.5,662
2014,Australia,Hydropower,43.9,13.19,11.95,12.6,4
2014,Australia,Nuclear,0,0,0,0,12
2014,Australia,Wind,149.7,61.03,27.3,217.9,11
2014,Australia,Solar,156.1,104.82,24.12,548,45
2015,Australia,Coal,272.3,56.52,32.72,69.3,814
2015,Australia,Natural Gas,299.7,85.53,24.69,33.5,487
2015,Australia,Oil & Gas,61.4,20.03,6.31,10.1,650
2015,Australia,Hydropower,44.3,13.31,11.39,13.4,4
2015,Australia,Nuclear,0,0,0,0,12
2015,Australia,Wind,173.3,70.65,31.45,243.9,11
2015,Australia,Solar,190.8,128.12,29.71,655,46
2016,Australia,Coal,253.9,52.7,33.28,60.9,828
2016,Australia,Natural Gas,301.7,86.1,26.46,32.8,480
2016,Australia,Oil & Gas,62.4,20.35,6.56,10,658
2016,Australia,Hydropower,44.6,13.4,11.45,13.1,4
2016,Australia,Nuclear,0,0,0,0,12
2016,Australia,Wind,194.3,79.22,38.01,272.6,11
2016,Australia,Solar,241.6,162.23,38.4,817,46
2017,Australia,Coal,248.8,51.64,32.55,64.9,809
2017,Australia,Natural Gas,317.4,90.58,26.73,36.5,491
2017,Australia,Oil & Gas,62,20.22,6.57,10.3,639
2017,Australia,Hydropower,42.9,12.89,11.2,12.8,4
2017,Australia,Nuclear,0,0,0,0,12
2017,Australia,Wind,229.6,93.61,43.01,317.5,11
2017,Australia,Solar,297.1,199.5,45.99,964.4,44
2018,Australia,Coal,252.1,52.32,30.58,63,829
2018,Australia,Natural Gas,308.2,87.96,25.89,36,495
2018,Australia,Oil & Gas,62.1,20.25,6.54,10.2,635
2018,Australia,Hydropower,43.2,12.98,11.72,13.6,4
2018,Australia,Nuclear,0,0,0,0,12
2018,Australia,Wind,254.5,103.76,47.03,364.3,11
2018,Australia,Solar,390.2,262.02,64.11,1362.3,44
2019,Australia,Coal,234.6,48.69,29.27,55.8,830
2019,Australia,Natural Gas,307,87.61,24.68,36,500
2019,Australia,Oil & Gas,61.3,19.99,6.17,10.2,638
2019,Australia,Hydropower,44.8,13.46,11.81,12.8,4
2019,Australia,Nuclear,0,0,0,0,12
2019,Australia,Wind,297.5,121.29,56.6,419.1,11
2019,Australia,Solar,485.9,326.28,78.23,1566.9,44
2020,Australia,Coal,230.8,47.9,29.03,58.5,814
2020,Australia,Natural Gas,309.7,88.38,25.65,36.3,480
2020,Australia,Oil & Gas,60.6,19.77,6.57,10.4,666
2020,Australia,Hydropower,44.5,13.37,11.29,13.3,4
2020,Australia,Nuclear,0,0,0,0,12
2020,Australia,Wind,334.5,136.37,65.47,469.4,11
2020,Australia,Solar,625.9,420.29,99.72,2125.2,45
2021,Australia,Coal,225,46.7,29.03,55.5,821
2021,Australia,Natural Gas,327.8,93.55,27.86,37.1,496
2021,Australia,Oil & Gas,62.5,20.38,6.54,10.1,638
2021,Australia,Hydropower,46,13.82,12.63,14.4,4
2021,Australia,Nuclear,0,0,0,0,12
2021,Australia,Wind,405.7,165.4,79.28,565.2,11
2021,Australia,Solar,819,549.96,131.22,2856.1,45
2022,Australia,Coal,228.3,47.38,28.95,55.8,833
2022,Australia,Natural Gas,317.4,90.58,27.11,37.7,481
2022,Australia,Oil & Gas,60.6,19.77,6.46,9.8,639
2022,Australia,Hydropower,45.3,13.61,12.16,13.5,4
2022,Australia,Nuclear,0,0,0,0,12
2022,Australia,Wind,444.6,181.26,80.7,617.2,11
2022,Australia,Solar,1054.5,708.1,165.82,3705.8,44
2023,Australia,Coal,221.8,46.04,28.39,56.3,802
2023,Australia,Natural Gas,328.5,93.75,27.06,36.7,490
2023,Australia,Oil & Gas,62.6,20.42,6.59,10.6,656
2023,Australia,Hydropower,44.5,13.37,11.22,13.6,4
2023,Australia,Nuclear,0,0,0,0,12
2023,Australia,Wind,530.4,216.24,97.34,783.3,11
2023,Australia,Solar,1324.2,889.2,200.01,4632.1,46
2024,Australia,Coal,210.6,43.71,26.05,52,834
2024,Australia,Natural Gas,334.3,95.41,27.73,37.3,490
2024,Australia,Oil & Gas,61.5,20.06,6.35,10.1,636
2024,Australia,Hydropower,45,13.52,12.36,12.9,4
2024,Australia,Nuclear,0,0,0,0,12
2024,Australia,Wind,612,249.51,120.22,883.2,11
2024,Australia,Solar,1710.9,1148.87,277.03,5707.5,45
2005,South Africa,Coal,250.4,51.97,32.13,61.2,802
2005,South Africa,Natural Gas,19.6,5.59,1.62,2.3,501
2005,South Africa,Oil & Gas,29.4,9.59,2.95,4.7,661
2005,South Africa,Hydropower,10.1,3.03,2.72,3,4
2005,South Africa,Nuclear,20.5,2.93,8.53,7.3,12
2005,South Africa,Wind,14.9,6.07,2.69,20.7,11
2005,South Africa,Solar,5,3.36,0.81,16.8,46
2006,South Africa,Coal,247.5,51.37,30.03,58.7,833
2006,South Africa,Natural Gas,20.8,5.94,1.69,2.4,486
2006,South Africa,Oil & Gas,30.3,9.88,3.29,4.9,664
2006,South Africa,Hydropower,10.1,3.03,2.65,3,4
2006,South Africa,Nuclear,20.6,2.94,9.06,7.5,12
2006,South Africa,Wind,16.8,6.85,3.28,22.9,11
2006,South Africa,Solar,6,4.03,0.95,20.8,45
2007,South Africa,Coal,241,50.02,31.75,61.1,836
2007,South Africa,Natural Gas,20.5,5.85,1.8,2.3,493
2007,South Africa,Oil & Gas,30.6,9.98,3.07,4.9,661
2007,South Africa,Hydropower,10.2,3.06,2.73,2.9,4
2007,South Africa,Nuclear,20.2,2.88,8.86,7.3,12
2007,South Africa,Wind,18.9,7.71,3.53,26.8,11
2007,South Africa,Solar,7.1,4.77,1.13,23,45
2008,South Africa,Coal,239.5,49.71,31.6,57.3,821
2008,South Africa,Natural Gas,20.8,5.94,1.75,2.3,502
2008,South Africa,Oil & Gas,29.9,9.75,3.15,4.8,636
2008,South Africa,Hydropower,10,3,2.65,2.9,4
2008,South Africa,Nuclear,19.7,2.81,8.51,7.3,12
2008,South Africa,Wind,20.5,8.36,3.87,29.5,11
2008,South Africa,Solar,8.8,5.91,1.4,30.7,46
2009,South Africa,Coal,244.6,50.77,31.97,58.6,828
2009,South Africa,Natural Gas,20.3,5.79,1.71,2.4,487
2009,South Africa,Oil & Gas,30.3,9.88,3.27,4.9,664
2009,South Africa,Hydropower,10.5,3.15,2.88,3,4
2009,South Africa,Nuclear,20.5,2.93,9.01,7.5,12
2009,South Africa,Wind,22.7,9.25,4.44,31.7,11
2009,South Africa,Solar,10.6,7.12,1.6,35.8,44
2010,South Africa,Coal,232.2,48.19,29.11,59.1,829
2010,South Africa,Natural Gas,20.4,5.82,1.76,2.3,494
2010,South Africa,Oil & Gas,30.6,9.98,3.07,5,643
2010,South Africa,Hydropower,10.6,3.18,2.8,3.1,4
2010,South Africa,Nuclear,20.7,2.95,8.4,7.4,12
2010,South Africa,Wind,25.7,10.48,4.89,36.6,11
2010,South Africa,Solar,12.6,8.46,2.02,44.4,46
2011,South Africa,Coal,228.8,47.49,27.74,56,814
2011,South Africa,Natural Gas,21.5,6.14,1.74,2.5,496
2011,South Africa,Oil & Gas,30.8,10.05,3.21,4.9,635
2011,South Africa,Hydropower,10.8,3.24,2.75,3.2,4
2011,South Africa,Nuclear,21.2,3.03,9.1,7.2,12
2011,South Africa,Wind,27.9,11.37,5.5,38.5,11
2011,South Africa,Solar,15.3,10.27,2.4,52.5,45
2012,South Africa,Coal,229.7,47.68,29.57,55.3,813
2012,South Africa,Natural Gas,20.8,5.94,1.7,2.4,490
2012,South Africa,Oil & Gas,30,9.78,3.29,5,645
2012,South Africa,Hydropower,10.7,3.21,2.75,3.1,4
2012,South Africa,Nuclear,20.2,2.88,8.15,7.3,12
2012,South Africa,Wind,30.7,12.52,5.57,45.2,11
2012,South Africa,Solar,17.6,11.82,2.83,56.3,45
2013,South Africa,Coal,227.1,47.14,27.93,57.2,816
2013,South Africa,Natural Gas,21,5.99,1.68,2.4,484
2013,South Africa,Oil & Gas,30.9,10.08,3.31,5.3,641
2013,South Africa,Hydropower,10.4,3.12,2.74,3.1,4
2013,South Africa,Nuclear,20.3,2.9,8.86,7.2,12
2013,South Africa,Wind,34.6,14.11,6.64,50.1,11
2013,South Africa,Solar,21.6,14.5,3.34,75.1,46
2014,South Africa,Coal,220,45.66,27.32,56.2,827
2014,South Africa,Natural Gas,21.2,6.05,1.77,2.5,496
2014,South Africa,Oil & Gas,30.1,9.82,3.26,5,638
2014,South Africa,Hydropower,11,3.3,2.88,3.2,4
2014,South Africa,Nuclear,21.4,3.05,9.05,7.9,12
2014,South Africa,Wind,39.3,16.02,7.29,53.4,11
2014,South Africa,Solar,26.2,17.59,4.15,87.5,44
2015,South Africa,Coal,227,47.11,29.61,57,800
2015,South Africa,Natural Gas,21.2,6.05,1.79,2.4,479
2015,South Africa,Oil & Gas,29.9,9.75,3.11,4.7,658
2015,South Africa,Hydropower,10.8,3.24,2.92,3.1,4
2015,South Africa,Nuclear,21.6,3.08,9.03,7.6,12
2015,South Africa,Wind,43.4,17.69,7.82,63.9,11
2015,South Africa,Solar,31.9,21.42,5.23,108.3,44
2016,South Africa,Coal,215.2,44.67,27.37,54.3,831
2016,South Africa,Natural Gas,22.2,6.34,1.93,2.5,501
2016,South Africa,Oil & Gas,30.7,10.01,3.23,5.1,634
2016,South Africa,Hydropower,11.2,3.36,2.86,3.4,4
2016,South Africa,Nuclear,20.7,2.95,8.94,7.4,12
2016,South Africa,Wind,48.6,19.81,9.54,67.6,11
2016,South Africa,Solar,40,26.86,6.59,139.7,44
2017,South Africa,Coal,214.1,44.44,26.04,51.3,809
2017,South Africa,Natural Gas,22.2,6.34,1.91,2.4,484
2017,South Africa,Oil & Gas,31.1,10.14,3.23,5.2,637
2017,South Africa,Hydropower,11,3.3,3,3.3,4
2017,South Africa,Nuclear,21.8,3.11,9.36,7.8,12
2017,South Africa,Wind,55.3,22.55,10.87,79.5,11
2017,South Africa,Solar,50.1,33.64,8.08,159.8,45
2018,South Africa,Coal,199.3,41.37,26.04,49.7,810
2018,South Africa,Natural Gas,22.4,6.39,1.88,2.5,480
2018,South Africa,Oil & Gas,30.5,9.95,3.06,5.2,656
2018,South Africa,Hydropower,10.7,3.21,2.79,3.4,4
2018,South Africa,Nuclear,20.8,2.97,8.34,7.2,12
2018,South Africa,Wind,65.4,26.66,11.89,96.4,11
2018,South Africa,Solar,66.6,44.72,10.92,218.6,45
2019,South Africa,Coal,201.4,41.8,26.53,51,824
2019,South Africa,Natural Gas,22.4,6.39,1.95,2.5,495
2019,South Africa,Oil & Gas,30.3,9.88,3.21,5.2,645
2019,South Africa,Hydropower,11.3,3.39,3.01,3.4,4
2019,South Africa,Nuclear,21.3,3.04,8.65,7.4,12
2019,South Africa,Wind,76.4,31.15,14.84,105.2,11
2019,South Africa,Solar,81.8,54.93,13.06,273.5,45
2020,South Africa,Coal,194,40.27,25.48,50.5,815
2020,South Africa,Natural Gas,22.6,6.45,1.86,2.6,492
2020,South Africa,Oil & Gas,29.9,9.75,3.2,4.7,646
2020,South Africa,Hydropower,11.3,3.39,3.04,3.2,4
2020,South Africa,Nuclear,21.6,3.08,8.93,8.1,12
2020,South Africa,Wind,83.5,34.04,15.57,119.2,11
2020,South Africa,Solar,104,69.84,16.87,359.6,46
2021,South Africa,Coal,195.3,40.54,24.98,46.6,802
2021,South Africa,Natural Gas,22.7,6.48,1.87,2.6,478
2021,South Africa,Oil & Gas,31.3,10.21,3.33,5.4,664
2021,South Africa,Hydropower,11.4,3.42,3.07,3.6,4
2021,South Africa,Nuclear,21.4,3.05,8.88,7.3,12
2021,South Africa,Wind,99.2,40.44,18.62,136.1,11
2021,South Africa,Solar,138.7,93.14,21.31,473.6,46
2022,South Africa,Coal,181.9,37.75,23.31,46.9,820
2022,South Africa,Natural Gas,23.8,6.79,2.06,2.7,488
2022,South Africa,Oil & Gas,30,9.78,3.22,5.1,662
2022,South Africa,Hydropower,11.2,3.36,2.96,3.3,4
2022,South Africa,Nuclear,21.5,3.07,8.62,7.6,12
2022,South Africa,Wind,113.9,46.44,21.69,162.4,11
2022,South Africa,Solar,171.3,115.03,28.05,581.4,44
2023,South Africa,Coal,176.7,36.67,21.43,44.3,818
2023,South Africa,Natural Gas,24,6.85,2.01,2.7,490
2023,South Africa,Oil & Gas,30.6,9.98,3.13,5.1,646
2023,South Africa,Hydropower,11.6,3.48,2.95,3.4,4
2023,South Africa,Nuclear,21.1,3.01,9.15,7.2,12
2023,South Africa,Wind,128.4,52.35,24.88,185.5,11
2023,South Africa,Solar,217,145.72,33.82,732.4,46
2024,South Africa,Coal,177.6,36.86,22.72,43.5,823
2024,South Africa,Natural Gas,23.7,6.76,2.06,2.8,487
2024,South Africa,Oil & Gas,30.2,9.85,3.26,5,663
2024,South Africa,Hydropower,11.5,3.45,3.11,3.5,4
2024,South Africa,Nuclear,21.6,3.08,8.78,8.1,12
2024,South Africa,Wind,151.5,61.77,27.57,207.7,11
2024,South Africa,Solar,287.9,193.33,45.73,978.8,46