year,month,index_name,country,close,monthly_return_pct,volatility_pct,market_phase
2000,Jan,S&P 500,USA,1363.71,-0.44,3.24,Dot-com Peak
2000,Feb,S&P 500,USA,1375.46,-0.91,3.48,Dot-com Peak
2000,Mar,S&P 500,USA,1337.82,-0.17,2.45,Dot-com Peak
2000,Apr,S&P 500,USA,1339.11,-0.46,2.51,Dot-com Peak
2000,May,S&P 500,USA,1368.14,-0.48,2.15,Dot-com Peak
2000,Jun,S&P 500,USA,1338.72,-0.75,4.34,Dot-com Peak
2000,Jul,S&P 500,USA,1333.81,-0.35,3.25,Dot-com Peak
2000,Aug,S&P 500,USA,1317.65,-0.77,1.84,Dot-com Peak
2000,Sep,S&P 500,USA,1328.34,0.4,3.64,Dot-com Peak
2000,Oct,S&P 500,USA,1323.05,0,3.93,Dot-com Peak
2000,Nov,S&P 500,USA,1356.78,0.54,3.66,Dot-com Peak
2000,Dec,S&P 500,USA,1355.83,0.96,3.08,Dot-com Peak
2001,Jan,S&P 500,USA,1307.27,0.79,3.11,Dot-com Crash
2001,Feb,S&P 500,USA,1329.78,-0.83,2.81,Dot-com Crash
2001,Mar,S&P 500,USA,1350.44,-0.81,2.7,Dot-com Crash
2001,Apr,S&P 500,USA,1368.22,0.93,4.04,Dot-com Crash
2001,May,S&P 500,USA,1352.23,-0.95,2.63,Dot-com Crash
2001,Jun,S&P 500,USA,1353.64,-0.93,3.5,Dot-com Crash
2001,Jul,S&P 500,USA,1323.85,0.33,4.04,Dot-com Crash
2001,Aug,S&P 500,USA,1322.42,0.96,4.55,Dot-com Crash
2001,Sep,S&P 500,USA,1290.99,0.53,3.5,Dot-com Crash
2001,Oct,S&P 500,USA,1276.5,-0.69,1.99,Dot-com Crash
2001,Nov,S&P 500,USA,1261.86,-0.37,2.14,Dot-com Crash
2001,Dec,S&P 500,USA,1241.17,0.37,2.79,Dot-com Crash
2002,Jan,S&P 500,USA,1235.84,-0.3,2.04,Dot-com Crash
2002,Feb,S&P 500,USA,1191.85,0.66,3.91,Dot-com Crash
2002,Mar,S&P 500,USA,1155.82,-0.34,3.84,Dot-com Crash
2002,Apr,S&P 500,USA,1163.75,0.35,2.61,Dot-com Crash
2002,May,S&P 500,USA,1122.63,-0.35,1.82,Dot-com Crash
2002,Jun,S&P 500,USA,1078.15,-0.45,1.54,Dot-com Crash
2002,Jul,S&P 500,USA,1068.11,0.32,2,Dot-com Crash
2002,Aug,S&P 500,USA,1020.21,0.33,2.96,Dot-com Crash
2002,Sep,S&P 500,USA,1010.41,-0.03,3.65,Dot-com Crash
2002,Oct,S&P 500,USA,998.33,0.43,3.18,Dot-com Crash
2002,Nov,S&P 500,USA,949.47,-0.43,3.17,Dot-com Crash
2002,Dec,S&P 500,USA,925.79,0.39,1.53,Dot-com Crash
2003,Jan,S&P 500,USA,947.86,0.66,4.12,Recovery
2003,Feb,S&P 500,USA,958.25,0.68,4.07,Recovery
2003,Mar,S&P 500,USA,1002.39,0.15,2.6,Recovery
2003,Apr,S&P 500,USA,1015.67,0.05,1.08,Recovery
2003,May,S&P 500,USA,1022.56,0.87,2.17,Recovery
2003,Jun,S&P 500,USA,1053.18,0.81,3.33,Recovery
2003,Jul,S&P 500,USA,1098.77,-0.6,2.48,Recovery
2003,Aug,S&P 500,USA,1126.86,-0.59,4.26,Recovery
2003,Sep,S&P 500,USA,1149.2,0.66,4.23,Recovery
2003,Oct,S&P 500,USA,1200.04,0.53,2.99,Recovery
2003,Nov,S&P 500,USA,1212.23,0.74,1.6,Recovery
2003,Dec,S&P 500,USA,1219.43,-0.23,4.15,Recovery
2004,Jan,S&P 500,USA,1236.46,-0.18,2.98,Bull Market
2004,Feb,S&P 500,USA,1247.22,0.92,2.43,Bull Market
2004,Mar,S&P 500,USA,1251.66,0.79,3.68,Bull Market
2004,Apr,S&P 500,USA,1251,0.61,2.05,Bull Market
2004,May,S&P 500,USA,1226.21,-0.77,3.87,Bull Market
2004,Jun,S&P 500,USA,1200.92,-0.46,3.39,Bull Market
2004,Jul,S&P 500,USA,1211.55,-0.84,3.03,Bull Market
2004,Aug,S&P 500,USA,1232.12,0.9,3.64,Bull Market
2004,Sep,S&P 500,USA,1259.44,0.82,2.63,Bull Market
2004,Oct,S&P 500,USA,1304.69,-0.9,4.13,Bull Market
2004,Nov,S&P 500,USA,1275.84,-0.91,3.17,Bull Market
2004,Dec,S&P 500,USA,1269.27,-0.9,3.72,Bull Market
2005,Jan,S&P 500,USA,1241.22,0.66,4.22,Bull Market
2005,Feb,S&P 500,USA,1209.05,0.37,1.33,Bull Market
2005,Mar,S&P 500,USA,1203.99,-0.22,1.83,Bull Market
2005,Apr,S&P 500,USA,1236.74,0.04,2.08,Bull Market
2005,May,S&P 500,USA,1263.37,-0.31,1.93,Bull Market
2005,Jun,S&P 500,USA,1282.42,-0.91,4.27,Bull Market
2005,Jul,S&P 500,USA,1281.09,-0.73,1.72,Bull Market
2005,Aug,S&P 500,USA,1269.15,-0.13,2.95,Bull Market
2005,Sep,S&P 500,USA,1277.39,-0.08,2.54,Bull Market
2005,Oct,S&P 500,USA,1247.38,0.79,2.41,Bull Market
2005,Nov,S&P 500,USA,1247.98,-0.83,3.86,Bull Market
2005,Dec,S&P 500,USA,1253.87,-0.1,2.61,Bull Market
2006,Jan,S&P 500,USA,1291.84,-0.47,2.4,Bull Market
2006,Feb,S&P 500,USA,1315.26,0.85,2.64,Bull Market
2006,Mar,S&P 500,USA,1366.52,0.53,2.18,Bull Market
2006,Apr,S&P 500,USA,1413.8,0.66,2.26,Bull Market
2006,May,S&P 500,USA,1400.11,0.07,1.58,Bull Market
2006,Jun,S&P 500,USA,1437.78,-0.62,2.63,Bull Market
2006,Jul,S&P 500,USA,1422.68,-0.96,1.97,Bull Market
2006,Aug,S&P 500,USA,1419.8,0.58,1.61,Bull Market
2006,Sep,S&P 500,USA,1469.61,-0.61,2.03,Bull Market
2006,Oct,S&P 500,USA,1486.62,-0.8,2.42,Bull Market
2006,Nov,S&P 500,USA,1510.69,-0.42,2.37,Bull Market
2006,Dec,S&P 500,USA,1538.65,0.33,1.77,Bull Market
2007,Jan,S&P 500,USA,1553.45,-0.5,1.54,Pre-GFC Peak
2007,Feb,S&P 500,USA,1586.5,0.98,3.42,Pre-GFC Peak
2007,Mar,S&P 500,USA,1588.74,-0.04,2.7,Pre-GFC Peak
2007,Apr,S&P 500,USA,1597.45,0.86,4.65,Pre-GFC Peak
2007,May,S&P 500,USA,1603.44,-0.23,3.94,Pre-GFC Peak
2007,Jun,S&P 500,USA,1633.45,0.98,3.65,Pre-GFC Peak
2007,Jul,S&P 500,USA,1624.42,-0.89,2.02,Pre-GFC Peak
2007,Aug,S&P 500,USA,1592.49,-0.8,2.37,Pre-GFC Peak
2007,Sep,S&P 500,USA,1561.97,0.06,3.82,Pre-GFC Peak
2007,Oct,S&P 500,USA,1579.84,0.16,2.75,Pre-GFC Peak
2007,Nov,S&P 500,USA,1626.35,0.35,2.32,Pre-GFC Peak
2007,Dec,S&P 500,USA,1676.49,-0.45,2.77,Pre-GFC Peak
2008,Jan,S&P 500,USA,1593.79,0.86,10.48,Global Financial Crisis
2008,Feb,S&P 500,USA,1518.43,-0.51,8.95,Global Financial Crisis
2008,Mar,S&P 500,USA,1428.9,0.12,9.7,Global Financial Crisis
2008,Apr,S&P 500,USA,1338.38,0.8,11.25,Global Financial Crisis
2008,May,S&P 500,USA,1252.52,0.69,10.52,Global Financial Crisis
2008,Jun,S&P 500,USA,1172.93,0,8.6,Global Financial Crisis
2008,Jul,S&P 500,USA,1122.58,0.96,10.86,Global Financial Crisis
2008,Aug,S&P 500,USA,1071.6,-0.9,10.52,Global Financial Crisis
2008,Sep,S&P 500,USA,1029.71,-0.59,9.79,Global Financial Crisis
2008,Oct,S&P 500,USA,963.36,-0.8,9.39,Global Financial Crisis
2008,Nov,S&P 500,USA,914.77,-0.71,9.62,Global Financial Crisis
2008,Dec,S&P 500,USA,859.29,0.89,9.86,Global Financial Crisis
2009,Jan,S&P 500,USA,895.97,-0.33,3.98,GFC Recovery
2009,Feb,S&P 500,USA,910.33,-0.94,4.03,GFC Recovery
2009,Mar,S&P 500,USA,943.83,0.85,2.81,GFC Recovery
2009,Apr,S&P 500,USA,974.63,0.49,2.38,GFC Recovery
2009,May,S&P 500,USA,980.44,0.51,3.11,GFC Recovery
2009,Jun,S&P 500,USA,976.11,0.5,3.58,GFC Recovery
2009,Jul,S&P 500,USA,970.97,0.57,3.27,GFC Recovery
2009,Aug,S&P 500,USA,992.23,0.46,3.27,GFC Recovery
2009,Sep,S&P 500,USA,1024.91,-0.09,2.62,GFC Recovery
2009,Oct,S&P 500,USA,1041.77,-0.61,3.28,GFC Recovery
2009,Nov,S&P 500,USA,1082.87,0.4,1.89,GFC Recovery
2009,Dec,S&P 500,USA,1074.05,-0.02,3.62,GFC Recovery
2010,Jan,S&P 500,USA,1095.3,-0.01,1.41,Bull Market
2010,Feb,S&P 500,USA,1100.39,-0.79,1.69,Bull Market
2010,Mar,S&P 500,USA,1135.06,0.15,4.11,Bull Market
2010,Apr,S&P 500,USA,1131.31,-0.04,3.67,Bull Market
2010,May,S&P 500,USA,1141.7,-0.04,1.39,Bull Market
2010,Jun,S&P 500,USA,1162.15,0.31,3.71,Bull Market
2010,Jul,S&P 500,USA,1207.51,0.37,1.32,Bull Market
2010,Aug,S&P 500,USA,1197.78,-0.29,1.96,Bull Market
2010,Sep,S&P 500,USA,1220.34,0.6,1.99,Bull Market
2010,Oct,S&P 500,USA,1226.42,-0.44,1.44,Bull Market
2010,Nov,S&P 500,USA,1274.92,0.67,3.93,Bull Market
2010,Dec,S&P 500,USA,1308.24,0.34,3.18,Bull Market
2011,Jan,S&P 500,USA,1307.67,-0.13,3.6,Euro Debt Crisis
2011,Feb,S&P 500,USA,1339.51,0.43,1.36,Euro Debt Crisis
2011,Mar,S&P 500,USA,1337.28,-0.35,2.59,Euro Debt Crisis
2011,Apr,S&P 500,USA,1328.03,-0.95,2.8,Euro Debt Crisis
2011,May,S&P 500,USA,1343.2,0.34,3.93,Euro Debt Crisis
2011,Jun,S&P 500,USA,1348.84,-0.7,3.33,Euro Debt Crisis
2011,Jul,S&P 500,USA,1337.04,0.53,3.18,Euro Debt Crisis
2011,Aug,S&P 500,USA,1367.62,-0.07,2.94,Euro Debt Crisis
2011,Sep,S&P 500,USA,1336.59,-0.08,3.02,Euro Debt Crisis
2011,Oct,S&P 500,USA,1369.73,0.57,2.2,Euro Debt Crisis
2011,Nov,S&P 500,USA,1366.5,0.27,1.76,Euro Debt Crisis
2011,Dec,S&P 500,USA,1370.01,0.96,3.08,Euro Debt Crisis
2012,Jan,S&P 500,USA,1370.28,0.98,2.62,Recovery
2012,Feb,S&P 500,USA,1361.67,0.44,4.17,Recovery
2012,Mar,S&P 500,USA,1352.33,0.05,2.82,Recovery
2012,Apr,S&P 500,USA,1376.06,-0.59,3.23,Recovery
2012,May,S&P 500,USA,1374.54,0.97,3.75,Recovery
2012,Jun,S&P 500,USA,1378.76,-0.33,2.62,Recovery
2012,Jul,S&P 500,USA,1399.51,-0.77,2.54,Recovery
2012,Aug,S&P 500,USA,1451.54,0.43,3.95,Recovery
2012,Sep,S&P 500,USA,1425.63,0.67,4.42,Recovery
2012,Oct,S&P 500,USA,1450.18,-0.52,2.34,Recovery
2012,Nov,S&P 500,USA,1508.57,-0.7,3.15,Recovery
2012,Dec,S&P 500,USA,1550.07,-0.01,2.49,Recovery
2013,Jan,S&P 500,USA,1619.28,-0.52,2.35,Bull Market
2013,Feb,S&P 500,USA,1621.31,0.68,1.85,Bull Market
2013,Mar,S&P 500,USA,1679.59,0.77,3.08,Bull Market
2013,Apr,S&P 500,USA,1767.9,0.77,1.91,Bull Market
2013,May,S&P 500,USA,1788.87,0.4,3.02,Bull Market
2013,Jun,S&P 500,USA,1841,0.47,2.99,Bull Market
2013,Jul,S&P 500,USA,1893.15,0.4,3.94,Bull Market
2013,Aug,S&P 500,USA,1901.78,-0.92,3.11,Bull Market
2013,Sep,S&P 500,USA,1929.7,0.89,2.17,Bull Market
2013,Oct,S&P 500,USA,2023.03,-0.99,2.25,Bull Market
2013,Nov,S&P 500,USA,2024.13,-0.19,2.38,Bull Market
2013,Dec,S&P 500,USA,2128.62,0.32,3.59,Bull Market
2014,Jan,S&P 500,USA,2173.71,0.65,3.69,Bull Market
2014,Feb,S&P 500,USA,2193.63,-0.61,3.47,Bull Market
2014,Mar,S&P 500,USA,2209.1,-0.02,3.32,Bull Market
2014,Apr,S&P 500,USA,2207.89,0.6,1.93,Bull Market
2014,May,S&P 500,USA,2261.68,-0.4,2.08,Bull Market
2014,Jun,S&P 500,USA,2265.01,-0.09,2.65,Bull Market
2014,Jul,S&P 500,USA,2258.71,-0.28,2.47,Bull Market
2014,Aug,S&P 500,USA,2228.64,-0.11,2.48,Bull Market
2014,Sep,S&P 500,USA,2182.36,0.79,4.15,Bull Market
2014,Oct,S&P 500,USA,2181.84,1,3.9,Bull Market
2014,Nov,S&P 500,USA,2171.47,0.98,4.2,Bull Market
2014,Dec,S&P 500,USA,2156.24,0.9,2.26,Bull Market
2015,Jan,S&P 500,USA,2120.95,0.42,3.03,Volatility
2015,Feb,S&P 500,USA,2121.56,0.46,4.03,Volatility
2015,Mar,S&P 500,USA,2117.3,-0.18,3.28,Volatility
2015,Apr,S&P 500,USA,2085.05,0.49,3.31,Volatility
2015,May,S&P 500,USA,2119.39,0.53,2.01,Volatility
2015,Jun,S&P 500,USA,2069.54,-0.06,3.39,Volatility
2015,Jul,S&P 500,USA,2082,-0.11,1.3,Volatility
2015,Aug,S&P 500,USA,2126.43,-0.11,3.47,Volatility
2015,Sep,S&P 500,USA,2132.33,0.92,2.7,Volatility
2015,Oct,S&P 500,USA,2114.9,0.37,4.01,Volatility
2015,Nov,S&P 500,USA,2129.95,-0.62,2.24,Volatility
2015,Dec,S&P 500,USA,2149.77,0.74,4.43,Volatility
2016,Jan,S&P 500,USA,2121.35,-0.63,3.92,Recovery
2016,Feb,S&P 500,USA,2109.08,0.57,2.33,Recovery
2016,Mar,S&P 500,USA,2118.68,0.55,2.4,Recovery
2016,Apr,S&P 500,USA,2101.76,0.88,2.78,Recovery
2016,May,S&P 500,USA,2130.83,0.28,2.37,Recovery
2016,Jun,S&P 500,USA,2122.31,-0.91,3.76,Recovery
2016,Jul,S&P 500,USA,2128.78,0.05,3.69,Recovery
2016,Aug,S&P 500,USA,2098.85,-0.42,3.13,Recovery
2016,Sep,S&P 500,USA,2074.79,-0.69,2.94,Recovery
2016,Oct,S&P 500,USA,2072.31,0.73,1.62,Recovery
2016,Nov,S&P 500,USA,2131.87,-0.99,4.06,Recovery
2016,Dec,S&P 500,USA,2120.32,0.48,3.86,Recovery
2017,Jan,S&P 500,USA,2104.46,-0.63,2.89,Bull Market
2017,Feb,S&P 500,USA,2192.14,0.17,3.56,Bull Market
2017,Mar,S&P 500,USA,2219.99,-0.47,2.43,Bull Market
2017,Apr,S&P 500,USA,2316.14,-0.28,3.01,Bull Market
2017,May,S&P 500,USA,2398.87,-0.83,2.22,Bull Market
2017,Jun,S&P 500,USA,2427.33,0.88,4.54,Bull Market
2017,Jul,S&P 500,USA,2490.41,-0.18,2.69,Bull Market
2017,Aug,S&P 500,USA,2478.23,0.6,3.77,Bull Market
2017,Sep,S&P 500,USA,2465.15,-0.89,3.81,Bull Market
2017,Oct,S&P 500,USA,2455.9,-0.96,3.42,Bull Market
2017,Nov,S&P 500,USA,2451.08,0.78,4.53,Bull Market
2017,Dec,S&P 500,USA,2470.62,-0.48,4.2,Bull Market
2018,Jan,S&P 500,USA,2431.59,-0.54,2.02,Trade War Jitters
2018,Feb,S&P 500,USA,2417.01,-0.06,3.12,Trade War Jitters
2018,Mar,S&P 500,USA,2364.78,0.54,3.75,Trade War Jitters
2018,Apr,S&P 500,USA,2306.69,-0.75,2.82,Trade War Jitters
2018,May,S&P 500,USA,2230.01,-0.98,2.97,Trade War Jitters
2018,Jun,S&P 500,USA,2280.75,-0.64,3.76,Trade War Jitters
2018,Jul,S&P 500,USA,2311.53,0.69,2.92,Trade War Jitters
2018,Aug,S&P 500,USA,2266.88,0.62,3.78,Trade War Jitters
2018,Sep,S&P 500,USA,2211.25,-0.16,3.35,Trade War Jitters
2018,Oct,S&P 500,USA,2217.56,-0.11,3.77,Trade War Jitters
2018,Nov,S&P 500,USA,2189.92,-0.35,1.66,Trade War Jitters
2018,Dec,S&P 500,USA,2197.33,-0.35,4.17,Trade War Jitters
2019,Jan,S&P 500,USA,2287.36,-0.7,2.72,Bull Market
2019,Feb,S&P 500,USA,2377.08,0.9,1.94,Bull Market
2019,Mar,S&P 500,USA,2382.18,0.87,2.29,Bull Market
2019,Apr,S&P 500,USA,2430.85,0.57,4.1,Bull Market
2019,May,S&P 500,USA,2435.97,0.59,4.33,Bull Market
2019,Jun,S&P 500,USA,2420.35,0.43,1.89,Bull Market
2019,Jul,S&P 500,USA,2515.29,-0.72,3.41,Bull Market
2019,Aug,S&P 500,USA,2541.45,0.02,3.66,Bull Market
2019,Sep,S&P 500,USA,2571.82,0.43,3.91,Bull Market
2019,Oct,S&P 500,USA,2624.22,0.38,3.2,Bull Market
2019,Nov,S&P 500,USA,2672.79,-0.53,1.58,Bull Market
2019,Dec,S&P 500,USA,2764.03,0.71,3.03,Bull Market
2020,Jan,S&P 500,USA,2850.48,0.12,8.84,COVID Crash & Recovery
2020,Feb,S&P 500,USA,2815.8,0.72,9.11,COVID Crash & Recovery
2020,Mar,S&P 500,USA,2904.06,0.21,8.8,COVID Crash & Recovery
2020,Apr,S&P 500,USA,2899.71,0.24,9.64,COVID Crash & Recovery
2020,May,S&P 500,USA,2849.14,-0.18,8.2,COVID Crash & Recovery
2020,Jun,S&P 500,USA,2929.8,-0.38,8.69,COVID Crash & Recovery
2020,Jul,S&P 500,USA,2909.82,-0.54,10.95,COVID Crash & Recovery
2020,Aug,S&P 500,USA,2967.57,0.46,9.73,COVID Crash & Recovery
2020,Sep,S&P 500,USA,3000.4,0.32,9.44,COVID Crash & Recovery
2020,Oct,S&P 500,USA,2975.88,0.08,8.85,COVID Crash & Recovery
2020,Nov,S&P 500,USA,2930.43,0.71,8.93,COVID Crash & Recovery
2020,Dec,S&P 500,USA,2996.02,-0.3,9.91,COVID Crash & Recovery
2021,Jan,S&P 500,USA,2971.36,-0.89,4.12,Post-COVID Bull
2021,Feb,S&P 500,USA,3112.08,-0.62,4.23,Post-COVID Bull
2021,Mar,S&P 500,USA,3249.6,0.39,2.11,Post-COVID Bull
2021,Apr,S&P 500,USA,3279.27,0.62,3.49,Post-COVID Bull
2021,May,S&P 500,USA,3320.06,0.64,1.89,Post-COVID Bull
2021,Jun,S&P 500,USA,3384.47,-0.48,2.3,Post-COVID Bull
2021,Jul,S&P 500,USA,3369.78,-0.24,1.47,Post-COVID Bull
2021,Aug,S&P 500,USA,3378.81,0.04,1.27,Post-COVID Bull
2021,Sep,S&P 500,USA,3528.19,-0.18,2.56,Post-COVID Bull
2021,Oct,S&P 500,USA,3640.21,-0.44,1.68,Post-COVID Bull
2021,Nov,S&P 500,USA,3668.47,0.83,3.19,Post-COVID Bull
2021,Dec,S&P 500,USA,3669.17,-0.6,2.58,Post-COVID Bull
2022,Jan,S&P 500,USA,3632.65,0.6,2.19,Rate Hike Bear
2022,Feb,S&P 500,USA,3651.25,0.42,3.26,Rate Hike Bear
2022,Mar,S&P 500,USA,3694.35,0.64,3.94,Rate Hike Bear
2022,Apr,S&P 500,USA,3553.32,0.83,1.96,Rate Hike Bear
2022,May,S&P 500,USA,3569.41,0.41,1.8,Rate Hike Bear
2022,Jun,S&P 500,USA,3612.41,0.86,1.88,Rate Hike Bear
2022,Jul,S&P 500,USA,3610.56,0.65,4.11,Rate Hike Bear
2022,Aug,S&P 500,USA,3591.89,-0.65,4.07,Rate Hike Bear
2022,Sep,S&P 500,USA,3480.38,0.03,2.93,Rate Hike Bear
2022,Oct,S&P 500,USA,3465.68,0.42,1.78,Rate Hike Bear
2022,Nov,S&P 500,USA,3472.75,-0.56,2.62,Rate Hike Bear
2022,Dec,S&P 500,USA,3484.93,0.33,2.38,Rate Hike Bear
2023,Jan,S&P 500,USA,3632.99,0.16,2.36,AI Bull
2023,Feb,S&P 500,USA,3783.44,0.63,2.47,AI Bull
2023,Mar,S&P 500,USA,3785.44,0.63,4.16,AI Bull
2023,Apr,S&P 500,USA,3902.63,-0.14,2.01,AI Bull
2023,May,S&P 500,USA,3996.91,0.45,3.24,AI Bull
2023,Jun,S&P 500,USA,4030.36,-0.48,4.15,AI Bull
2023,Jul,S&P 500,USA,4071.66,-0.33,2.94,AI Bull
2023,Aug,S&P 500,USA,4034.44,0.06,2.32,AI Bull
2023,Sep,S&P 500,USA,4179.43,0.62,3.98,AI Bull
2023,Oct,S&P 500,USA,4260.61,-0.96,3.17,AI Bull
2023,Nov,S&P 500,USA,4303.02,-0.18,2.57,AI Bull
2023,Dec,S&P 500,USA,4474.1,-0.09,1.67,AI Bull
2024,Jan,S&P 500,USA,4633.17,-0.63,1.89,AI Bull
2024,Feb,S&P 500,USA,4727.59,0.59,3.38,AI Bull
2024,Mar,S&P 500,USA,4822.29,-0.59,4.43,AI Bull
2024,Apr,S&P 500,USA,4772.84,0.64,2.63,AI Bull
2024,May,S&P 500,USA,4889.73,-0.3,2.24,AI Bull
2024,Jun,S&P 500,USA,4901.88,-0.81,4.02,AI Bull
2024,Jul,S&P 500,USA,4947.45,0.76,2.39,AI Bull
2024,Aug,S&P 500,USA,4923.77,0.42,3.45,AI Bull
2024,Sep,S&P 500,USA,5003.45,0.29,2.89,AI Bull
2024,Oct,S&P 500,USA,5125.15,-0.01,3.95,AI Bull
2024,Nov,S&P 500,USA,5344.5,0.59,3.72,AI Bull
2024,Dec,S&P 500,USA,5428.1,0.52,2.82,AI Bull
2000,Jan,NASDAQ,USA,2664.48,-0.28,1.66,Dot-com Peak
2000,Feb,NASDAQ,USA,2617.66,0.6,2.82,Dot-com Peak
2000,Mar,NASDAQ,USA,2568.61,0.7,2.89,Dot-com Peak
2000,Apr,NASDAQ,USA,2572.5,-0.02,1.69,Dot-com Peak
2000,May,NASDAQ,USA,2510.8,0.53,4.08,Dot-com Peak
2000,Jun,NASDAQ,USA,2447.36,0.04,1.66,Dot-com Peak
2000,Jul,NASDAQ,USA,2389.12,0.41,3.39,Dot-com Peak
2000,Aug,NASDAQ,USA,2348.32,0.34,1.72,Dot-com Peak
2000,Sep,NASDAQ,USA,2324.4,-0.3,3.86,Dot-com Peak
2000,Oct,NASDAQ,USA,2390.95,-0.84,4.57,Dot-com Peak
2000,Nov,NASDAQ,USA,2435.29,0.34,3.58,Dot-com Peak
2000,Dec,NASDAQ,USA,2391.86,-0.97,4.4,Dot-com Peak
2001,Jan,NASDAQ,USA,2365.96,0.2,1.5,Dot-com Crash
2001,Feb,NASDAQ,USA,2279.98,-0.31,3.89,Dot-com Crash
2001,Mar,NASDAQ,USA,2192.73,-0.07,2.17,Dot-com Crash
2001,Apr,NASDAQ,USA,2129.56,-0.15,1.51,Dot-com Crash
2001,May,NASDAQ,USA,2108.75,0.1,4.06,Dot-com Crash
2001,Jun,NASDAQ,USA,2091.18,-0.36,2.01,Dot-com Crash
2001,Jul,NASDAQ,USA,2083.61,-0.23,3.68,Dot-com Crash
2001,Aug,NASDAQ,USA,2097.13,-0.35,2.7,Dot-com Crash
2001,Sep,NASDAQ,USA,2018.07,0.44,3.68,Dot-com Crash
2001,Oct,NASDAQ,USA,1982.53,0.63,2.11,Dot-com Crash
2001,Nov,NASDAQ,USA,1978.47,0.87,3.16,Dot-com Crash
2001,Dec,NASDAQ,USA,1998.41,0.2,3.49,Dot-com Crash
2002,Jan,NASDAQ,USA,2002.66,-0.07,2.3,Dot-com Crash
2002,Feb,NASDAQ,USA,1931.78,0.31,3.71,Dot-com Crash
2002,Mar,NASDAQ,USA,1911.02,0.78,2.87,Dot-com Crash
2002,Apr,NASDAQ,USA,1879.49,-0.89,4.5,Dot-com Crash
2002,May,NASDAQ,USA,1867.47,-0.31,3.46,Dot-com Crash
2002,Jun,NASDAQ,USA,1806.85,-0.51,3.92,Dot-com Crash
2002,Jul,NASDAQ,USA,1767.39,0.81,2.97,Dot-com Crash
2002,Aug,NASDAQ,USA,1771.54,-0.72,2.43,Dot-com Crash
2002,Sep,NASDAQ,USA,1697.27,0.64,4.07,Dot-com Crash
2002,Oct,NASDAQ,USA,1691.26,-0.84,3.1,Dot-com Crash
2002,Nov,NASDAQ,USA,1634.99,0.48,4.04,Dot-com Crash
2002,Dec,NASDAQ,USA,1604.67,-0.75,2.1,Dot-com Crash
2003,Jan,NASDAQ,USA,1601.87,-0.78,1.99,Recovery
2003,Feb,NASDAQ,USA,1620.5,-0.76,3.15,Recovery
2003,Mar,NASDAQ,USA,1685.96,0.97,2.61,Recovery
2003,Apr,NASDAQ,USA,1735.06,0.83,3.74,Recovery
2003,May,NASDAQ,USA,1727.94,-0.19,1.16,Recovery
2003,Jun,NASDAQ,USA,1746.41,-0.48,1.82,Recovery
2003,Jul,NASDAQ,USA,1779.71,-0.69,2.07,Recovery
2003,Aug,NASDAQ,USA,1786.67,0.69,4.42,Recovery
2003,Sep,NASDAQ,USA,1797,-0.02,2.57,Recovery
2003,Oct,NASDAQ,USA,1847.55,0.01,3.09,Recovery
2003,Nov,NASDAQ,USA,1892.81,0.16,3.98,Recovery
2003,Dec,NASDAQ,USA,1889.27,0.17,1.17,Recovery
2004,Jan,NASDAQ,USA,1924.21,-0.85,3.34,Bull Market
2004,Feb,NASDAQ,USA,1934.93,-0.11,2.2,Bull Market
2004,Mar,NASDAQ,USA,1911.94,0.61,1.82,Bull Market
2004,Apr,NASDAQ,USA,1907.47,0.39,1.49,Bull Market
2004,May,NASDAQ,USA,1904.02,-0.83,2.06,Bull Market
2004,Jun,NASDAQ,USA,1941.52,-0.74,3.53,Bull Market
2004,Jul,NASDAQ,USA,1906.28,-0.64,2.91,Bull Market
2004,Aug,NASDAQ,USA,1930.82,-0.19,3.97,Bull Market
2004,Sep,NASDAQ,USA,1986.99,0.69,3.67,Bull Market
2004,Oct,NASDAQ,USA,2054.9,-0.61,1.79,Bull Market
2004,Nov,NASDAQ,USA,2100.18,0.53,3.4,Bull Market
2004,Dec,NASDAQ,USA,2140.9,-0.09,2.89,Bull Market
2005,Jan,NASDAQ,USA,2203.99,-0.53,2.61,Bull Market
2005,Feb,NASDAQ,USA,2186.26,-0.24,4.11,Bull Market
2005,Mar,NASDAQ,USA,2172.37,-0.45,3.13,Bull Market
2005,Apr,NASDAQ,USA,2137.55,0.32,1.68,Bull Market
2005,May,NASDAQ,USA,2179.83,0.74,3.96,Bull Market
2005,Jun,NASDAQ,USA,2142.64,-0.37,3.5,Bull Market
2005,Jul,NASDAQ,USA,2174.23,-0.82,4.17,Bull Market
2005,Aug,NASDAQ,USA,2243.24,0.99,1.92,Bull Market
2005,Sep,NASDAQ,USA,2194.61,-0.73,3.37,Bull Market
2005,Oct,NASDAQ,USA,2201.82,-0.22,2.15,Bull Market
2005,Nov,NASDAQ,USA,2161.56,-0.72,3.75,Bull Market
2005,Dec,NASDAQ,USA,2110.43,-0.09,1.12,Bull Market
2006,Jan,NASDAQ,USA,2125.78,-0.12,1.89,Bull Market
2006,Feb,NASDAQ,USA,2167.45,-0.95,3.41,Bull Market
2006,Mar,NASDAQ,USA,2233.87,0.56,2.14,Bull Market
2006,Apr,NASDAQ,USA,2253.37,0.88,2.79,Bull Market
2006,May,NASDAQ,USA,2294.68,-0.57,3.3,Bull Market
2006,Jun,NASDAQ,USA,2263.72,-0.69,2.22,Bull Market
2006,Jul,NASDAQ,USA,2329.61,0.31,1.84,Bull Market
2006,Aug,NASDAQ,USA,2417.71,-0.41,1.76,Bull Market
2006,Sep,NASDAQ,USA,2459,0.52,1.78,Bull Market
2006,Oct,NASDAQ,USA,2428.01,-0.04,2.78,Bull Market
2006,Nov,NASDAQ,USA,2518.2,0.24,2.5,Bull Market
2006,Dec,NASDAQ,USA,2578.85,-0.57,3.66,Bull Market
2007,Jan,NASDAQ,USA,2595.48,0.76,2.78,Pre-GFC Peak
2007,Feb,NASDAQ,USA,2596.62,0.62,2.25,Pre-GFC Peak
2007,Mar,NASDAQ,USA,2627.18,0,2.39,Pre-GFC Peak
2007,Apr,NASDAQ,USA,2607.86,0.8,4.59,Pre-GFC Peak
2007,May,NASDAQ,USA,2582.7,-0.6,3.09,Pre-GFC Peak
2007,Jun,NASDAQ,USA,2631.65,-0.36,4.26,Pre-GFC Peak
2007,Jul,NASDAQ,USA,2656.37,0.75,2.41,Pre-GFC Peak
2007,Aug,NASDAQ,USA,2603.74,0.47,2.05,Pre-GFC Peak
2007,Sep,NASDAQ,USA,2569.77,-0.62,3.09,Pre-GFC Peak
2007,Oct,NASDAQ,USA,2540.33,-0.04,2.56,Pre-GFC Peak
2007,Nov,NASDAQ,USA,2600.16,0.11,1.61,Pre-GFC Peak
2007,Dec,NASDAQ,USA,2554.01,-0.63,3.08,Pre-GFC Peak
2008,Jan,NASDAQ,USA,2522.28,-0.27,9.92,Global Financial Crisis
2008,Feb,NASDAQ,USA,2486.26,-0.92,11.21,Global Financial Crisis
2008,Mar,NASDAQ,USA,2347.25,-0.99,9.48,Global Financial Crisis
2008,Apr,NASDAQ,USA,2291.54,0.15,9.94,Global Financial Crisis
2008,May,NASDAQ,USA,2216.71,-0.76,11.5,Global Financial Crisis
2008,Jun,NASDAQ,USA,2172.83,0.67,10.54,Global Financial Crisis
2008,Jul,NASDAQ,USA,2037.65,0.32,10.14,Global Financial Crisis
2008,Aug,NASDAQ,USA,1903.68,-0.78,10.47,Global Financial Crisis
2008,Sep,NASDAQ,USA,1794.89,-0.81,11.56,Global Financial Crisis
2008,Oct,NASDAQ,USA,1759.74,0.07,8.69,Global Financial Crisis
2008,Nov,NASDAQ,USA,1653.57,0.31,9.74,Global Financial Crisis
2008,Dec,NASDAQ,USA,1604,0.51,9.38,Global Financial Crisis
2009,Jan,NASDAQ,USA,1678.75,-0.14,2.89,GFC Recovery
2009,Feb,NASDAQ,USA,1672.57,0.45,3.83,GFC Recovery
2009,Mar,NASDAQ,USA,1659.24,-0.33,2.38,GFC Recovery
2009,Apr,NASDAQ,USA,1689.32,-0.05,1.42,GFC Recovery
2009,May,NASDAQ,USA,1677.94,0.74,4.38,GFC Recovery
2009,Jun,NASDAQ,USA,1719.05,-0.73,2.72,GFC Recovery
2009,Jul,NASDAQ,USA,1721.78,0.9,2.93,GFC Recovery
2009,Aug,NASDAQ,USA,1787.34,0.39,2.15,GFC Recovery
2009,Sep,NASDAQ,USA,1770.76,0.37,2.31,GFC Recovery
2009,Oct,NASDAQ,USA,1795.2,0.38,2.05,GFC Recovery
2009,Nov,NASDAQ,USA,1847.24,0.33,3.84,GFC Recovery
2009,Dec,NASDAQ,USA,1876.03,-0.31,3.11,GFC Recovery
2010,Jan,NASDAQ,USA,1886.19,-0.6,1.92,Bull Market
2010,Feb,NASDAQ,USA,1917.01,0.89,2.51,Bull Market
2010,Mar,NASDAQ,USA,1956.46,0.22,2.84,Bull Market
2010,Apr,NASDAQ,USA,2006.99,0.74,3.34,Bull Market
2010,May,NASDAQ,USA,1995.73,0.3,1.77,Bull Market
2010,Jun,NASDAQ,USA,2032.73,0.07,3.08,Bull Market
2010,Jul,NASDAQ,USA,2034.52,0.06,3.01,Bull Market
2010,Aug,NASDAQ,USA,2099.48,-0.34,4.05,Bull Market
2010,Sep,NASDAQ,USA,2121.86,0.29,2.84,Bull Market
2010,Oct,NASDAQ,USA,2160.1,-0.93,1.75,Bull Market
2010,Nov,NASDAQ,USA,2154.37,-0.29,3.74,Bull Market
2010,Dec,NASDAQ,USA,2184.88,0.19,2.44,Bull Market
2011,Jan,NASDAQ,USA,2150.34,-0.35,3.98,Euro Debt Crisis
2011,Feb,NASDAQ,USA,2183.96,0.51,2.18,Euro Debt Crisis
2011,Mar,NASDAQ,USA,2230.31,0.04,2.23,Euro Debt Crisis
2011,Apr,NASDAQ,USA,2268.39,0.09,1.3,Euro Debt Crisis
2011,May,NASDAQ,USA,2198.31,-0.35,4.21,Euro Debt Crisis
2011,Jun,NASDAQ,USA,2248.99,-0.93,2.55,Euro Debt Crisis
2011,Jul,NASDAQ,USA,2227.96,0.43,3.55,Euro Debt Crisis
2011,Aug,NASDAQ,USA,2286.9,-0.73,2.31,Euro Debt Crisis
2011,Sep,NASDAQ,USA,2315.66,0.43,3.79,Euro Debt Crisis
2011,Oct,NASDAQ,USA,2328.15,-0.6,4.47,Euro Debt Crisis
2011,Nov,NASDAQ,USA,2258.66,-0.8,4.02,Euro Debt Crisis
2011,Dec,NASDAQ,USA,2209.42,0.75,3.28,Euro Debt Crisis
2012,Jan,NASDAQ,USA,2253.06,-0.61,3.19,Recovery
2012,Feb,NASDAQ,USA,2293.59,-0.51,1.97,Recovery
2012,Mar,NASDAQ,USA,2303.42,-0.06,3.59,Recovery
2012,Apr,NASDAQ,USA,2270.65,-0.42,2.18,Recovery
2012,May,NASDAQ,USA,2238.23,0.6,1.82,Recovery
2012,Jun,NASDAQ,USA,2202.89,-0.91,2.59,Recovery
2012,Jul,NASDAQ,USA,2291.36,0.35,3.23,Recovery
2012,Aug,NASDAQ,USA,2304.71,-0.93,1.84,Recovery
2012,Sep,NASDAQ,USA,2275.03,-0.15,3.81,Recovery
2012,Oct,NASDAQ,USA,2258.37,0.51,3.13,Recovery
2012,Nov,NASDAQ,USA,2304.84,-0.45,3.67,Recovery
2012,Dec,NASDAQ,USA,2352.33,-0.51,3.11,Recovery
2013,Jan,NASDAQ,USA,2472.98,-0.16,3.7,Bull Market
2013,Feb,NASDAQ,USA,2490.87,0.33,3.72,Bull Market
2013,Mar,NASDAQ,USA,2475.2,0.73,2.44,Bull Market
2013,Apr,NASDAQ,USA,2547.26,0.72,2.28,Bull Market
2013,May,NASDAQ,USA,2638.23,0.78,3.4,Bull Market
2013,Jun,NASDAQ,USA,2746.1,0.92,1.74,Bull Market
2013,Jul,NASDAQ,USA,2802.57,0.88,1.85,Bull Market
2013,Aug,NASDAQ,USA,2824.04,-0.02,1.55,Bull Market
2013,Sep,NASDAQ,USA,2969.12,-0.51,2.08,Bull Market
2013,Oct,NASDAQ,USA,3123.17,-0.78,2.38,Bull Market
2013,Nov,NASDAQ,USA,3202.78,-0.77,4.6,Bull Market
2013,Dec,NASDAQ,USA,3258.29,-0.1,3.18,Bull Market
2014,Jan,NASDAQ,USA,3326.57,0.73,2.48,Bull Market
2014,Feb,NASDAQ,USA,3272.36,-0.99,2.29,Bull Market
2014,Mar,NASDAQ,USA,3399.94,-0.97,2.62,Bull Market
2014,Apr,NASDAQ,USA,3516.34,-0.71,1.58,Bull Market
2014,May,NASDAQ,USA,3553.66,0.66,2.23,Bull Market
2014,Jun,NASDAQ,USA,3567.66,-0.95,2.83,Bull Market
2014,Jul,NASDAQ,USA,3571.3,-0.42,4.02,Bull Market
2014,Aug,NASDAQ,USA,3529.37,-0.47,4.09,Bull Market
2014,Sep,NASDAQ,USA,3474.91,0.59,3.34,Bull Market
2014,Oct,NASDAQ,USA,3564.6,0.68,2.47,Bull Market
2014,Nov,NASDAQ,USA,3602.61,0.56,2.31,Bull Market
2014,Dec,NASDAQ,USA,3549.85,-0.52,3.16,Bull Market
2015,Jan,NASDAQ,USA,3638.04,0.9,3.74,Volatility
2015,Feb,NASDAQ,USA,3592.83,0.7,1.61,Volatility
2015,Mar,NASDAQ,USA,3541.32,0.3,3.11,Volatility
2015,Apr,NASDAQ,USA,3631.85,-0.47,2.73,Volatility
2015,May,NASDAQ,USA,3732.14,-0.65,2.22,Volatility
2015,Jun,NASDAQ,USA,3803.67,0.1,2.99,Volatility
2015,Jul,NASDAQ,USA,3875.04,-0.69,2.49,Volatility
2015,Aug,NASDAQ,USA,3827.32,-0.17,1.73,Volatility
2015,Sep,NASDAQ,USA,3749.46,-0.85,2.67,Volatility
2015,Oct,NASDAQ,USA,3856.51,-0.67,1.88,Volatility
2015,Nov,NASDAQ,USA,3831.03,0.36,1.36,Volatility
2015,Dec,NASDAQ,USA,3880.97,0.67,4.08,Volatility
2016,Jan,NASDAQ,USA,3978.28,-0.56,4.23,Recovery
2016,Feb,NASDAQ,USA,3951.07,-0.93,4.6,Recovery
2016,Mar,NASDAQ,USA,3916.13,-0.69,2.49,Recovery
2016,Apr,NASDAQ,USA,3842.37,-0.57,1.77,Recovery
2016,May,NASDAQ,USA,3845.84,-0.53,3.83,Recovery
2016,Jun,NASDAQ,USA,3858.12,-0.8,2.11,Recovery
2016,Jul,NASDAQ,USA,3941.56,0.02,1.85,Recovery
2016,Aug,NASDAQ,USA,4023.92,0.4,3.46,Recovery
2016,Sep,NASDAQ,USA,4079.95,0.33,3.68,Recovery
2016,Oct,NASDAQ,USA,4227.07,-0.23,3.36,Recovery
2016,Nov,NASDAQ,USA,4363.3,-0.14,1.6,Recovery
2016,Dec,NASDAQ,USA,4424.97,0.59,3.16,Recovery
2017,Jan,NASDAQ,USA,4396.96,-0.15,1.99,Bull Market
2017,Feb,NASDAQ,USA,4587.07,-0.99,3.63,Bull Market
2017,Mar,NASDAQ,USA,4598.29,-0.71,3.84,Bull Market
2017,Apr,NASDAQ,USA,4734.23,-0.09,3.26,Bull Market
2017,May,NASDAQ,USA,4825.01,0.74,2.88,Bull Market
2017,Jun,NASDAQ,USA,4906.87,0.78,4.49,Bull Market
2017,Jul,NASDAQ,USA,4882.92,0.35,3.5,Bull Market
2017,Aug,NASDAQ,USA,5022.07,0.76,2.7,Bull Market
2017,Sep,NASDAQ,USA,5128.29,0.66,4.29,Bull Market
2017,Oct,NASDAQ,USA,5138.5,0.52,3.84,Bull Market
2017,Nov,NASDAQ,USA,5307.43,0.5,2.75,Bull Market
2017,Dec,NASDAQ,USA,5294.35,0.61,1.61,Bull Market
2018,Jan,NASDAQ,USA,5359.24,-0.28,3.14,Trade War Jitters
2018,Feb,NASDAQ,USA,5440.98,0.88,2.57,Trade War Jitters
2018,Mar,NASDAQ,USA,5567.72,-0.07,3.33,Trade War Jitters
2018,Apr,NASDAQ,USA,5454.27,0.47,2.73,Trade War Jitters
2018,May,NASDAQ,USA,5421.72,0.41,2.98,Trade War Jitters
2018,Jun,NASDAQ,USA,5498.61,-0.78,3.6,Trade War Jitters
2018,Jul,NASDAQ,USA,5412.04,0.36,4.25,Trade War Jitters
2018,Aug,NASDAQ,USA,5263.54,-0.76,3.8,Trade War Jitters
2018,Sep,NASDAQ,USA,5092.54,-0.68,2.2,Trade War Jitters
2018,Oct,NASDAQ,USA,5095.49,-0.27,3.09,Trade War Jitters
2018,Nov,NASDAQ,USA,5098.12,0.26,1.42,Trade War Jitters
2018,Dec,NASDAQ,USA,5072.57,0.21,2.71,Trade War Jitters
2019,Jan,NASDAQ,USA,5206.92,-0.04,1.82,Bull Market
2019,Feb,NASDAQ,USA,5184.87,0.28,2.88,Bull Market
2019,Mar,NASDAQ,USA,5207.69,0.87,1.85,Bull Market
2019,Apr,NASDAQ,USA,5342.34,0.02,3.6,Bull Market
2019,May,NASDAQ,USA,5422.51,-0.93,3.33,Bull Market
2019,Jun,NASDAQ,USA,5438.04,-0.11,3.73,Bull Market
2019,Jul,NASDAQ,USA,5571.77,0.99,3.96,Bull Market
2019,Aug,NASDAQ,USA,5576.2,0.69,2.84,Bull Market
2019,Sep,NASDAQ,USA,5853.67,0.52,3.68,Bull Market
2019,Oct,NASDAQ,USA,6151.5,-0.87,3.96,Bull Market
2019,Nov,NASDAQ,USA,6173.63,-0.89,2.38,Bull Market
2019,Dec,NASDAQ,USA,6152.18,0.46,1.44,Bull Market
2020,Jan,NASDAQ,USA,6335.69,0.25,10.94,COVID Crash & Recovery
2020,Feb,NASDAQ,USA,6253.41,-0.78,11.28,COVID Crash & Recovery
2020,Mar,NASDAQ,USA,6499.21,-0.54,10.28,COVID Crash & Recovery
2020,Apr,NASDAQ,USA,6453.72,-0.47,9.85,COVID Crash & Recovery
2020,May,NASDAQ,USA,6441.15,0.96,9.74,COVID Crash & Recovery
2020,Jun,NASDAQ,USA,6678.28,-0.25,10.7,COVID Crash & Recovery
2020,Jul,NASDAQ,USA,6623.48,-0.53,8.8,COVID Crash & Recovery
2020,Aug,NASDAQ,USA,6885.04,0.06,8.68,COVID Crash & Recovery
2020,Sep,NASDAQ,USA,6865.49,0.62,10.19,COVID Crash & Recovery
2020,Oct,NASDAQ,USA,7079.84,-0.29,10.84,COVID Crash & Recovery
2020,Nov,NASDAQ,USA,7367.28,-0.82,11.39,COVID Crash & Recovery
2020,Dec,NASDAQ,USA,7402.06,0.76,9.63,COVID Crash & Recovery
2021,Jan,NASDAQ,USA,7427.73,-0.58,1.73,Post-COVID Bull
2021,Feb,NASDAQ,USA,7397.83,0.67,2.09,Post-COVID Bull
2021,Mar,NASDAQ,USA,7596.05,0.11,1.35,Post-COVID Bull
2021,Apr,NASDAQ,USA,7574.36,-0.7,3.43,Post-COVID Bull
2021,May,NASDAQ,USA,7794.55,0.75,2.99,Post-COVID Bull
2021,Jun,NASDAQ,USA,7991.31,-0.84,3.71,Post-COVID Bull
2021,Jul,NASDAQ,USA,8299.98,-0.03,1.98,Post-COVID Bull
2021,Aug,NASDAQ,USA,8616.31,-0.68,4.13,Post-COVID Bull
2021,Sep,NASDAQ,USA,9025.12,0.6,2.11,Post-COVID Bull
2021,Oct,NASDAQ,USA,9130,0.63,3.98,Post-COVID Bull
2021,Nov,NASDAQ,USA,9492.91,0.42,2.97,Post-COVID Bull
2021,Dec,NASDAQ,USA,9908.92,-0.85,4.56,Post-COVID Bull
2022,Jan,NASDAQ,USA,9942.51,-0.86,2.85,Rate Hike Bear
2022,Feb,NASDAQ,USA,9890.98,0,3.03,Rate Hike Bear
2022,Mar,NASDAQ,USA,9648.24,-0.07,2.62,Rate Hike Bear
2022,Apr,NASDAQ,USA,9437.58,-0.44,3.57,Rate Hike Bear
2022,May,NASDAQ,USA,9012.15,0.17,3.24,Rate Hike Bear
2022,Jun,NASDAQ,USA,9077.25,0.89,3.6,Rate Hike Bear
2022,Jul,NASDAQ,USA,9094.63,-0.19,1.9,Rate Hike Bear
2022,Aug,NASDAQ,USA,9115.81,0.99,3.48,Rate Hike Bear
2022,Sep,NASDAQ,USA,9225.03,-0.57,2.71,Rate Hike Bear
2022,Oct,NASDAQ,USA,9143.7,-0.75,2.35,Rate Hike Bear
2022,Nov,NASDAQ,USA,8925.9,-0.47,1.54,Rate Hike Bear
2022,Dec,NASDAQ,USA,8980.04,0.91,4.17,Rate Hike Bear
2023,Jan,NASDAQ,USA,9370.17,0.41,3.43,AI Bull
2023,Feb,NASDAQ,USA,9783.35,-0.07,1.4,AI Bull
2023,Mar,NASDAQ,USA,9735.04,0.83,3.74,AI Bull
2023,Apr,NASDAQ,USA,9812.12,0.56,1.92,AI Bull
2023,May,NASDAQ,USA,10125.99,0.18,3.81,AI Bull
2023,Jun,NASDAQ,USA,10446.2,-0.47,3.62,AI Bull
2023,Jul,NASDAQ,USA,10726.33,-0.78,3.59,AI Bull
2023,Aug,NASDAQ,USA,11016.31,-0.03,3.79,AI Bull
2023,Sep,NASDAQ,USA,11382.85,-0.09,3.42,AI Bull
2023,Oct,NASDAQ,USA,11252.14,-0.91,4.46,AI Bull
2023,Nov,NASDAQ,USA,11234.06,0.03,2.8,AI Bull
2023,Dec,NASDAQ,USA,11264.83,0.64,1.65,AI Bull
2024,Jan,NASDAQ,USA,11695.63,-0.34,2.8,AI Bull
2024,Feb,NASDAQ,USA,11857.05,0.72,4.29,AI Bull
2024,Mar,NASDAQ,USA,11779.79,-0.6,1.67,AI Bull
2024,Apr,NASDAQ,USA,11911.52,-0.35,3.37,AI Bull
2024,May,NASDAQ,USA,12156.01,0.81,2.15,AI Bull
2024,Jun,NASDAQ,USA,12338.43,0.75,4.55,AI Bull
2024,Jul,NASDAQ,USA,12782.5,0.65,1.86,AI Bull
2024,Aug,NASDAQ,USA,13041.45,-0.92,4.67,AI Bull
2024,Sep,NASDAQ,USA,12969.64,-0.13,1.26,AI Bull
2024,Oct,NASDAQ,USA,12928.38,-0.35,1.94,AI Bull
2024,Nov,NASDAQ,USA,13013.75,0.15,3.68,AI Bull
2024,Dec,NASDAQ,USA,13548.86,0.54,1.99,AI Bull
2000,Jan,DAX,Germany,5935.5,-0.47,1.6,Dot-com Peak
2000,Feb,DAX,Germany,5861.7,-0.47,2.98,Dot-com Peak
2000,Mar,DAX,Germany,5913.38,-0.31,2.78,Dot-com Peak
2000,Apr,DAX,Germany,5844.86,-0.81,1.91,Dot-com Peak
2000,May,DAX,Germany,5973.53,-0.65,2.01,Dot-com Peak
2000,Jun,DAX,Germany,5898.48,0.3,3.85,Dot-com Peak
2000,Jul,DAX,Germany,5917.32,0.16,2.22,Dot-com Peak
2000,Aug,DAX,Germany,5802.71,-0.79,1.93,Dot-com Peak
2000,Sep,DAX,Germany,5823.67,-0.2,2.69,Dot-com Peak
2000,Oct,DAX,Germany,5846.5,-0.33,1.46,Dot-com Peak
2000,Nov,DAX,Germany,5800.77,-0.87,4.14,Dot-com Peak
2000,Dec,DAX,Germany,5685.27,0.62,3.86,Dot-com Peak
2001,Jan,DAX,Germany,5762.78,0.3,1.76,Dot-com Crash
2001,Feb,DAX,Germany,5756.53,-0.6,2.92,Dot-com Crash
2001,Mar,DAX,Germany,5612.27,0.73,1.99,Dot-com Crash
2001,Apr,DAX,Germany,5386.9,-0.5,3.07,Dot-com Crash
2001,May,DAX,Germany,5248.43,-0.01,2.25,Dot-com Crash
2001,Jun,DAX,Germany,5097.07,-0.17,1.61,Dot-com Crash
2001,Jul,DAX,Germany,5015.03,-0.97,2.67,Dot-com Crash
2001,Aug,DAX,Germany,4887.73,-0.14,1.19,Dot-com Crash
2001,Sep,DAX,Germany,4845.61,-0.3,2.1,Dot-com Crash
2001,Oct,DAX,Germany,4904.09,0.12,1.81,Dot-com Crash
2001,Nov,DAX,Germany,4886.76,-0.58,2.85,Dot-com Crash
2001,Dec,DAX,Germany,4888.17,-0.3,3.72,Dot-com Crash
2002,Jan,DAX,Germany,4728.22,0.28,3.49,Dot-com Crash
2002,Feb,DAX,Germany,4591.47,0.64,4.05,Dot-com Crash
2002,Mar,DAX,Germany,4592.26,0.98,2.21,Dot-com Crash
2002,Apr,DAX,Germany,4450.67,0.34,1.57,Dot-com Crash
2002,May,DAX,Germany,4399.37,-0.85,2.49,Dot-com Crash
2002,Jun,DAX,Germany,4293.79,-0.28,1.78,Dot-com Crash
2002,Jul,DAX,Germany,4261.23,-0.53,3.7,Dot-com Crash
2002,Aug,DAX,Germany,4262.13,0.86,3.94,Dot-com Crash
2002,Sep,DAX,Germany,4152.61,-0.15,3.86,Dot-com Crash
2002,Oct,DAX,Germany,3987.79,0.65,2.7,Dot-com Crash
2002,Nov,DAX,Germany,3966.35,-0.49,4.05,Dot-com Crash
2002,Dec,DAX,Germany,3943.97,0.03,3.49,Dot-com Crash
2003,Jan,DAX,Germany,4016.47,-0.41,2.28,Recovery
2003,Feb,DAX,Germany,4159.66,0.6,1.89,Recovery
2003,Mar,DAX,Germany,4320.82,-0.67,3.68,Recovery
2003,Apr,DAX,Germany,4417.01,0.83,2.43,Recovery
2003,May,DAX,Germany,4571.36,0.04,2.23,Recovery
2003,Jun,DAX,Germany,4525.37,0.39,3.58,Recovery
2003,Jul,DAX,Germany,4654.52,0.77,2.32,Recovery
2003,Aug,DAX,Germany,4667.68,-0.09,1.84,Recovery
2003,Sep,DAX,Germany,4615.09,-0.17,3.73,Recovery
2003,Oct,DAX,Germany,4829.84,-0.53,3.08,Recovery
2003,Nov,DAX,Germany,4875.79,-0.88,1.73,Recovery
2003,Dec,DAX,Germany,4846.25,0.41,1.95,Recovery
2004,Jan,DAX,Germany,4975.88,-0.05,1.47,Bull Market
2004,Feb,DAX,Germany,4892.93,0,3.07,Bull Market
2004,Mar,DAX,Germany,4874.29,0.41,2.67,Bull Market
2004,Apr,DAX,Germany,4829.73,0.86,3.86,Bull Market
2004,May,DAX,Germany,4921.36,0.61,3.77,Bull Market
2004,Jun,DAX,Germany,4854.73,-0.84,4.63,Bull Market
2004,Jul,DAX,Germany,4916.19,0.86,2.58,Bull Market
2004,Aug,DAX,Germany,4814.61,-0.14,3.54,Bull Market
2004,Sep,DAX,Germany,4832.72,0.02,3.84,Bull Market
2004,Oct,DAX,Germany,4979.8,-0.38,2.75,Bull Market
2004,Nov,DAX,Germany,4898.04,0.64,1.82,Bull Market
2004,Dec,DAX,Germany,4917.68,-0.14,1.11,Bull Market
2005,Jan,DAX,Germany,4956.55,-0.38,2.4,Bull Market
2005,Feb,DAX,Germany,4980.68,-0.63,4.19,Bull Market
2005,Mar,DAX,Germany,4923.75,0.02,3.17,Bull Market
2005,Apr,DAX,Germany,4809.46,0.88,3.44,Bull Market
2005,May,DAX,Germany,4694.71,0.41,4.12,Bull Market
2005,Jun,DAX,Germany,4640.09,-0.07,2.14,Bull Market
2005,Jul,DAX,Germany,4727.43,-0.49,2.22,Bull Market
2005,Aug,DAX,Germany,4618.64,-0.03,3.11,Bull Market
2005,Sep,DAX,Germany,4665,-0.66,3.31,Bull Market
2005,Oct,DAX,Germany,4570.8,-0.76,2.61,Bull Market
2005,Nov,DAX,Germany,4681.65,-0.9,4.53,Bull Market
2005,Dec,DAX,Germany,4717.56,0.35,3.81,Bull Market
2006,Jan,DAX,Germany,4803.05,-0.73,2.11,Bull Market
2006,Feb,DAX,Germany,4987.04,-0.65,3.09,Bull Market
2006,Mar,DAX,Germany,4929.12,0.29,1.61,Bull Market
2006,Apr,DAX,Germany,5092.72,-0.07,1.23,Bull Market
2006,May,DAX,Germany,5194.96,0.31,3.64,Bull Market
2006,Jun,DAX,Germany,5171.36,-0.84,2.95,Bull Market
2006,Jul,DAX,Germany,5261.49,0.94,2.62,Bull Market
2006,Aug,DAX,Germany,5417.68,-0.03,1.86,Bull Market
2006,Sep,DAX,Germany,5446.43,1,4.14,Bull Market
2006,Oct,DAX,Germany,5468.97,0.86,2.88,Bull Market
2006,Nov,DAX,Germany,5623.64,-0.24,2.47,Bull Market
2006,Dec,DAX,Germany,5663.78,0.41,1.88,Bull Market
2007,Jan,DAX,Germany,5734.63,-0.55,4.13,Pre-GFC Peak
2007,Feb,DAX,Germany,5929.2,0.3,2.31,Pre-GFC Peak
2007,Mar,DAX,Germany,6115.27,0.57,1.69,Pre-GFC Peak
2007,Apr,DAX,Germany,6150.86,0.18,1.22,Pre-GFC Peak
2007,May,DAX,Germany,6226.93,0.19,2.11,Pre-GFC Peak
2007,Jun,DAX,Germany,6087.85,-0.95,3.11,Pre-GFC Peak
2007,Jul,DAX,Germany,6109.25,-0.46,1.55,Pre-GFC Peak
2007,Aug,DAX,Germany,6153.23,0.55,4.15,Pre-GFC Peak
2007,Sep,DAX,Germany,6121.81,0.92,1.85,Pre-GFC Peak
2007,Oct,DAX,Germany,6130.31,-0.09,1.16,Pre-GFC Peak
2007,Nov,DAX,Germany,6222.39,-0.76,3.33,Pre-GFC Peak
2007,Dec,DAX,Germany,6240.29,-0.98,3.76,Pre-GFC Peak
2008,Jan,DAX,Germany,5883.5,-0.68,9.56,Global Financial Crisis
2008,Feb,DAX,Germany,5628.89,-0.6,10.51,Global Financial Crisis
2008,Mar,DAX,Germany,5409.67,-0.34,10.46,Global Financial Crisis
2008,Apr,DAX,Germany,5201.34,0.64,9.38,Global Financial Crisis
2008,May,DAX,Germany,4999.02,0.58,9.93,Global Financial Crisis
2008,Jun,DAX,Germany,4869.96,0.73,9.28,Global Financial Crisis
2008,Jul,DAX,Germany,4614.63,0.53,9.31,Global Financial Crisis
2008,Aug,DAX,Germany,4319.62,0,8.5,Global Financial Crisis
2008,Sep,DAX,Germany,4130.98,0.13,9.06,Global Financial Crisis
2008,Oct,DAX,Germany,3885.03,-0.83,9.95,Global Financial Crisis
2008,Nov,DAX,Germany,3806.93,0.21,9.51,Global Financial Crisis
2008,Dec,DAX,Germany,3716.5,-0.68,10.99,Global Financial Crisis
2009,Jan,DAX,Germany,3785.93,0.59,2.74,GFC Recovery
2009,Feb,DAX,Germany,3859.62,0.53,2.74,GFC Recovery
2009,Mar,DAX,Germany,3982.38,-0.74,4.23,GFC Recovery
2009,Apr,DAX,Germany,4161.5,0.43,3.38,GFC Recovery
2009,May,DAX,Germany,4207.15,0.86,2.2,GFC Recovery
2009,Jun,DAX,Germany,4289.22,0.46,1.71,GFC Recovery
2009,Jul,DAX,Germany,4395.6,-0.79,2.49,GFC Recovery
2009,Aug,DAX,Germany,4597.28,0.87,4.3,GFC Recovery
2009,Sep,DAX,Germany,4576,0.51,2.75,GFC Recovery
2009,Oct,DAX,Germany,4574.47,0.3,2,GFC Recovery
2009,Nov,DAX,Germany,4597.41,0.07,1.53,GFC Recovery
2009,Dec,DAX,Germany,4567.73,-0.16,3.04,GFC Recovery
2010,Jan,DAX,Germany,4535.8,-0.04,2.02,Bull Market
2010,Feb,DAX,Germany,4715.26,-0.16,3.39,Bull Market
2010,Mar,DAX,Germany,4762.76,-0.15,2.26,Bull Market
2010,Apr,DAX,Germany,4684.89,-0.96,4.28,Bull Market
2010,May,DAX,Germany,4605.26,0.62,2.72,Bull Market
2010,Jun,DAX,Germany,4669.44,-0.62,2.46,Bull Market
2010,Jul,DAX,Germany,4821.45,-0.85,2.99,Bull Market
2010,Aug,DAX,Germany,4984.74,-0.7,2.81,Bull Market
2010,Sep,DAX,Germany,4938.69,0.18,2.01,Bull Market
2010,Oct,DAX,Germany,4887.66,-0.68,2.77,Bull Market
2010,Nov,DAX,Germany,4979.62,-0.01,1.68,Bull Market
2010,Dec,DAX,Germany,5096.05,-0.79,1.91,Bull Market
2011,Jan,DAX,Germany,5197.49,0.74,2.59,Euro Debt Crisis
2011,Feb,DAX,Germany,5281.35,-0.59,1.66,Euro Debt Crisis
2011,Mar,DAX,Germany,5253.03,0.1,2.5,Euro Debt Crisis
2011,Apr,DAX,Germany,5187.96,0.9,2.17,Euro Debt Crisis
2011,May,DAX,Germany,5243.39,0.94,2.91,Euro Debt Crisis
2011,Jun,DAX,Germany,5301.52,-0.36,2.14,Euro Debt Crisis
2011,Jul,DAX,Germany,5137.29,-0.72,4.3,Euro Debt Crisis
2011,Aug,DAX,Germany,5279.74,-0.04,2.32,Euro Debt Crisis
2011,Sep,DAX,Germany,5331.15,0.09,3.57,Euro Debt Crisis
2011,Oct,DAX,Germany,5243.43,0.73,2.66,Euro Debt Crisis
2011,Nov,DAX,Germany,5358.86,-0.81,1.71,Euro Debt Crisis
2011,Dec,DAX,Germany,5195.67,-0.9,2.19,Euro Debt Crisis
2012,Jan,DAX,Germany,5183,-0.4,2.05,Recovery
2012,Feb,DAX,Germany,5373.36,0.61,3.85,Recovery
2012,Mar,DAX,Germany,5381.24,0.19,3.24,Recovery
2012,Apr,DAX,Germany,5499.03,-0.09,4.01,Recovery
2012,May,DAX,Germany,5513.25,0.12,2.17,Recovery
2012,Jun,DAX,Germany,5606.16,0.03,3.5,Recovery
2012,Jul,DAX,Germany,5596.94,-0.7,4.51,Recovery
2012,Aug,DAX,Germany,5599.93,-0.52,2.34,Recovery
2012,Sep,DAX,Germany,5674.92,0,1.18,Recovery
2012,Oct,DAX,Germany,5713.5,-0.65,1.91,Recovery
2012,Nov,DAX,Germany,5812.36,-0.78,2,Recovery
2012,Dec,DAX,Germany,5757.93,0.42,2.3,Recovery
2013,Jan,DAX,Germany,5836.43,0.48,3.67,Bull Market
2013,Feb,DAX,Germany,5891.96,0.95,3.28,Bull Market
2013,Mar,DAX,Germany,5956.25,-0.67,2.53,Bull Market
2013,Apr,DAX,Germany,6173.09,0.86,2.57,Bull Market
2013,May,DAX,Germany,6460.32,-0.8,3.2,Bull Market
2013,Jun,DAX,Germany,6737.33,0.55,1.81,Bull Market
2013,Jul,DAX,Germany,6722.18,0.13,3.53,Bull Market
2013,Aug,DAX,Germany,6739.57,-0.53,4.3,Bull Market
2013,Sep,DAX,Germany,6759.49,-0.81,3.81,Bull Market
2013,Oct,DAX,Germany,6709.21,-0.52,1.48,Bull Market
2013,Nov,DAX,Germany,6684.76,0.84,3.56,Bull Market
2013,Dec,DAX,Germany,6981.96,0.69,3.86,Bull Market
2014,Jan,DAX,Germany,7032.41,0.75,3.04,Bull Market
2014,Feb,DAX,Germany,7083.01,0.39,2.02,Bull Market
2014,Mar,DAX,Germany,7024.49,-0.61,4.18,Bull Market
2014,Apr,DAX,Germany,7284.5,0.61,1.63,Bull Market
2014,May,DAX,Germany,7165.71,-0.21,3.12,Bull Market
2014,Jun,DAX,Germany,7345.09,0.41,2.91,Bull Market
2014,Jul,DAX,Germany,7395.37,0.29,2.02,Bull Market
2014,Aug,DAX,Germany,7423.66,-0.63,2.33,Bull Market
2014,Sep,DAX,Germany,7606.56,0,1.15,Bull Market
2014,Oct,DAX,Germany,7829.27,0.76,2.01,Bull Market
2014,Nov,DAX,Germany,7936.46,0.92,3.07,Bull Market
2014,Dec,DAX,Germany,7996.1,-0.37,1.41,Bull Market
2015,Jan,DAX,Germany,8064.51,-0.72,2.43,Volatility
2015,Feb,DAX,Germany,8155.36,0.25,2.07,Volatility
2015,Mar,DAX,Germany,8318.08,-0.42,3.38,Volatility
2015,Apr,DAX,Germany,8281.04,-0.96,2.79,Volatility
2015,May,DAX,Germany,8040.03,-0.63,4.49,Volatility
2015,Jun,DAX,Germany,7920.07,-0.03,2.1,Volatility
2015,Jul,DAX,Germany,8011.48,0.18,2.12,Volatility
2015,Aug,DAX,Germany,8020.54,0.17,2.41,Volatility
2015,Sep,DAX,Germany,8094.77,-0.8,3.71,Volatility
2015,Oct,DAX,Germany,8027.8,0.18,3.32,Volatility
2015,Nov,DAX,Germany,7963.03,0.6,3.59,Volatility
2015,Dec,DAX,Germany,7993.86,0,3.85,Volatility
2016,Jan,DAX,Germany,8084.69,-0.15,3.53,Recovery
2016,Feb,DAX,Germany,8392.45,-0.58,2.04,Recovery
2016,Mar,DAX,Germany,8350.13,0.25,3.52,Recovery
2016,Apr,DAX,Germany,8525.88,0.72,4.47,Recovery
2016,May,DAX,Germany,8756.45,-0.29,2.57,Recovery
2016,Jun,DAX,Germany,8746.53,0.09,1.99,Recovery
2016,Jul,DAX,Germany,8753.16,0.5,2.52,Recovery
2016,Aug,DAX,Germany,8628.7,-0.64,1.8,Recovery
2016,Sep,DAX,Germany,8826.72,-0.46,1.53,Recovery
2016,Oct,DAX,Germany,8880.53,0.85,4.17,Recovery
2016,Nov,DAX,Germany,9127.17,-0.4,3.49,Recovery
2016,Dec,DAX,Germany,9431.27,-0.76,2.93,Recovery
2017,Jan,DAX,Germany,9531.36,-0.81,2.64,Bull Market
2017,Feb,DAX,Germany,9480.51,-0.92,4.28,Bull Market
2017,Mar,DAX,Germany,9404.74,0.26,1.63,Bull Market
2017,Apr,DAX,Germany,9643.08,-0.34,3.2,Bull Market
2017,May,DAX,Germany,9997.78,-0.83,3.89,Bull Market
2017,Jun,DAX,Germany,10046.56,-0.23,1.89,Bull Market
2017,Jul,DAX,Germany,10001.78,-0.12,3.51,Bull Market
2017,Aug,DAX,Germany,10058.12,-0.48,1.5,Bull Market
2017,Sep,DAX,Germany,10182.51,0.41,3.59,Bull Market
2017,Oct,DAX,Germany,10654.06,-0.82,3.47,Bull Market
2017,Nov,DAX,Germany,10588.61,-0.12,3.44,Bull Market
2017,Dec,DAX,Germany,10649.95,-0.25,3.88,Bull Market
2018,Jan,DAX,Germany,10726.98,0.21,3.13,Trade War Jitters
2018,Feb,DAX,Germany,10455.09,0.41,1.68,Trade War Jitters
2018,Mar,DAX,Germany,10720.3,0.84,3.38,Trade War Jitters
2018,Apr,DAX,Germany,10478.62,-0.97,3.85,Trade War Jitters
2018,May,DAX,Germany,10629.05,-0.14,1.77,Trade War Jitters
2018,Jun,DAX,Germany,10489.68,0.95,2.65,Trade War Jitters
2018,Jul,DAX,Germany,10191.58,-0.95,2.86,Trade War Jitters
2018,Aug,DAX,Germany,10150.1,0.72,3.74,Trade War Jitters
2018,Sep,DAX,Germany,10147.3,-0.38,3.45,Trade War Jitters
2018,Oct,DAX,Germany,9913.31,-0.59,3.72,Trade War Jitters
2018,Nov,DAX,Germany,9593.4,-0.6,2.4,Trade War Jitters
2018,Dec,DAX,Germany,9363.67,-0.22,1.92,Trade War Jitters
2019,Jan,DAX,Germany,9400.85,-0.55,2.05,Bull Market
2019,Feb,DAX,Germany,9558.01,0.03,3.83,Bull Market
2019,Mar,DAX,Germany,9668.66,-0.6,2.84,Bull Market
2019,Apr,DAX,Germany,9689.95,-0.69,3.06,Bull Market
2019,May,DAX,Germany,9877.83,-0.12,2.04,Bull Market
2019,Jun,DAX,Germany,9905.28,0.5,3.94,Bull Market
2019,Jul,DAX,Germany,10414.04,-0.19,1.9,Bull Market
2019,Aug,DAX,Germany,10633.24,-0.95,3.8,Bull Market
2019,Sep,DAX,Germany,10887.86,0.09,3.21,Bull Market
2019,Oct,DAX,Germany,10807.26,0.56,1.77,Bull Market
2019,Nov,DAX,Germany,11363.52,-0.3,2.72,Bull Market
2019,Dec,DAX,Germany,11526.32,-0.8,3.53,Bull Market
2020,Jan,DAX,Germany,12014.71,-0.14,10.62,COVID Crash & Recovery
2020,Feb,DAX,Germany,12459.49,-0.3,8.67,COVID Crash & Recovery
2020,Mar,DAX,Germany,12764.58,-0.8,9.07,COVID Crash & Recovery
2020,Apr,DAX,Germany,12838.67,-0.37,9.96,COVID Crash & Recovery
2020,May,DAX,Germany,12935.94,-0.7,9.44,COVID Crash & Recovery
2020,Jun,DAX,Germany,13439.72,0.36,9.71,COVID Crash & Recovery
2020,Jul,DAX,Germany,13750.12,-0.4,9.27,COVID Crash & Recovery
2020,Aug,DAX,Germany,14283.77,-0.44,10.38,COVID Crash & Recovery
2020,Sep,DAX,Germany,14138.86,0.18,8.35,COVID Crash & Recovery
2020,Oct,DAX,Germany,13894.52,-0.36,9.54,COVID Crash & Recovery
2020,Nov,DAX,Germany,14172.74,-0.9,9.64,COVID Crash & Recovery
2020,Dec,DAX,Germany,14445.54,-0.47,9.45,COVID Crash & Recovery
2021,Jan,DAX,Germany,14320.64,0.54,3.19,Post-COVID Bull
2021,Feb,DAX,Germany,14279.29,-0.22,2.25,Post-COVID Bull
2021,Mar,DAX,Germany,14638.2,0.47,3.08,Post-COVID Bull
2021,Apr,DAX,Germany,14991.09,-0.32,2.5,Post-COVID Bull
2021,May,DAX,Germany,15538.97,0.73,2.14,Post-COVID Bull
2021,Jun,DAX,Germany,16076.09,-0.44,2.92,Post-COVID Bull
2021,Jul,DAX,Germany,16195.36,-0.81,4.52,Post-COVID Bull
2021,Aug,DAX,Germany,16117.08,-0.12,3.44,Post-COVID Bull
2021,Sep,DAX,Germany,16720.86,0.75,2.9,Post-COVID Bull
2021,Oct,DAX,Germany,17026.44,-0.18,2.64,Post-COVID Bull
2021,Nov,DAX,Germany,17277.22,0.3,4.22,Post-COVID Bull
2021,Dec,DAX,Germany,17783.56,0.74,2.85,Post-COVID Bull
2022,Jan,DAX,Germany,17144.52,0.07,2.34,Rate Hike Bear
2022,Feb,DAX,Germany,17337.5,-0.1,2.33,Rate Hike Bear
2022,Mar,DAX,Germany,16719.33,-0.99,4.5,Rate Hike Bear
2022,Apr,DAX,Germany,16119.29,-0.8,4.24,Rate Hike Bear
2022,May,DAX,Germany,15776.71,-0.44,2.86,Rate Hike Bear
2022,Jun,DAX,Germany,15665.71,-0.76,1.95,Rate Hike Bear
2022,Jul,DAX,Germany,15442.33,-0.21,3.59,Rate Hike Bear
2022,Aug,DAX,Germany,15224.83,-0.63,2.82,Rate Hike Bear
2022,Sep,DAX,Germany,15379.05,-0.49,3.64,Rate Hike Bear
2022,Oct,DAX,Germany,15274.6,-0.31,4.03,Rate Hike Bear
2022,Nov,DAX,Germany,15250.38,-0.02,1.53,Rate Hike Bear
2022,Dec,DAX,Germany,15139.55,-0.61,3.37,Rate Hike Bear
2023,Jan,DAX,Germany,15301.03,0.25,2.7,AI Bull
2023,Feb,DAX,Germany,15968.44,0.41,1.79,AI Bull
2023,Mar,DAX,Germany,16259.26,-0.45,1.49,AI Bull
2023,Apr,DAX,Germany,16123.23,-0.72,3.92,AI Bull
2023,May,DAX,Germany,16129.98,-0.64,4.2,AI Bull
2023,Jun,DAX,Germany,16017.41,0.41,1.87,AI Bull
2023,Jul,DAX,Germany,16304.09,0.65,2.85,AI Bull
2023,Aug,DAX,Germany,16857.77,-0.61,2.96,AI Bull
2023,Sep,DAX,Germany,17489.97,0.66,1.74,AI Bull
2023,Oct,DAX,Germany,17545.32,0.11,2,AI Bull
2023,Nov,DAX,Germany,17739.03,0.36,3.42,AI Bull
2023,Dec,DAX,Germany,18349.09,0.29,3.44,AI Bull
2024,Jan,DAX,Germany,18803.13,0.35,3.69,AI Bull
2024,Feb,DAX,Germany,18876.95,-0.61,3.34,AI Bull
2024,Mar,DAX,Germany,18668.97,-0.36,1.68,AI Bull
2024,Apr,DAX,Germany,18458.13,0.58,1.63,AI Bull
2024,May,DAX,Germany,18781.08,-0.45,1.69,AI Bull
2024,Jun,DAX,Germany,19145.73,0.67,4.35,AI Bull
2024,Jul,DAX,Germany,19899.14,0.94,2,AI Bull
2024,Aug,DAX,Germany,20658.58,0.7,1.59,AI Bull
2024,Sep,DAX,Germany,20692.9,0.73,1.88,AI Bull
2024,Oct,DAX,Germany,21297.63,0.54,4.23,AI Bull
2024,Nov,DAX,Germany,21074.85,0.26,1.38,AI Bull
2024,Dec,DAX,Germany,22051.39,-0.68,2.51,AI Bull
2000,Jan,Nikkei 225,Japan,14996.96,-0.92,2.77,Dot-com Peak
2000,Feb,Nikkei 225,Japan,15312.11,-0.91,4.56,Dot-com Peak
2000,Mar,Nikkei 225,Japan,15665.64,-0.04,3.75,Dot-com Peak
2000,Apr,Nikkei 225,Japan,15554.37,-0.78,4.46,Dot-com Peak
2000,May,Nikkei 225,Japan,15851.99,-0.07,2.2,Dot-com Peak
2000,Jun,Nikkei 225,Japan,15871.03,-0.41,3.72,Dot-com Peak
2000,Jul,Nikkei 225,Japan,16064.12,-0.96,2.94,Dot-com Peak
2000,Aug,Nikkei 225,Japan,16342.91,-0.23,1.34,Dot-com Peak
2000,Sep,Nikkei 225,Japan,16283.03,0.54,3.9,Dot-com Peak
2000,Oct,Nikkei 225,Japan,15973.59,0.59,3.73,Dot-com Peak
2000,Nov,Nikkei 225,Japan,16390.36,-0.49,1.47,Dot-com Peak
2000,Dec,Nikkei 225,Japan,16206.74,-0.36,2.92,Dot-com Peak
2001,Jan,Nikkei 225,Japan,16348.34,0.26,1.87,Dot-com Crash
2001,Feb,Nikkei 225,Japan,15834.28,-0.52,3.9,Dot-com Crash
2001,Mar,Nikkei 225,Japan,15423.97,-0.63,2.89,Dot-com Crash
2001,Apr,Nikkei 225,Japan,15032.53,0.81,2.24,Dot-com Crash
2001,May,Nikkei 225,Japan,14755.72,0.63,1.56,Dot-com Crash
2001,Jun,Nikkei 225,Japan,14460,-0.92,3.76,Dot-com Crash
2001,Jul,Nikkei 225,Japan,14390.19,0.26,1.82,Dot-com Crash
2001,Aug,Nikkei 225,Japan,14542.46,0.97,2.61,Dot-com Crash
2001,Sep,Nikkei 225,Japan,14059.29,0.79,2.19,Dot-com Crash
2001,Oct,Nikkei 225,Japan,13562.95,0.48,2.53,Dot-com Crash
2001,Nov,Nikkei 225,Japan,13231.02,-0.7,3.89,Dot-com Crash
2001,Dec,Nikkei 225,Japan,13109.4,-0.37,2.8,Dot-com Crash
2002,Jan,Nikkei 225,Japan,12915.53,0.54,4.12,Dot-com Crash
2002,Feb,Nikkei 225,Japan,12549.86,-0.74,1.97,Dot-com Crash
2002,Mar,Nikkei 225,Japan,12049.84,-0.22,2.71,Dot-com Crash
2002,Apr,Nikkei 225,Japan,12005.32,-0.47,4.3,Dot-com Crash
2002,May,Nikkei 225,Japan,11431.66,0.62,4.44,Dot-com Crash
2002,Jun,Nikkei 225,Japan,11324.62,-0.02,1.15,Dot-com Crash
2002,Jul,Nikkei 225,Japan,10764.22,0.23,2.45,Dot-com Crash
2002,Aug,Nikkei 225,Japan,10441.89,0.79,3.06,Dot-com Crash
2002,Sep,Nikkei 225,Japan,10171.33,0.54,1.93,Dot-com Crash
2002,Oct,Nikkei 225,Japan,9823.27,0.22,1.87,Dot-com Crash
2002,Nov,Nikkei 225,Japan,9877.95,-0.9,2.24,Dot-com Crash
2002,Dec,Nikkei 225,Japan,9734.88,0.86,1.73,Dot-com Crash
2003,Jan,Nikkei 225,Japan,9827.53,0.25,3.86,Recovery
2003,Feb,Nikkei 225,Japan,10010.77,-0.65,2.28,Recovery
2003,Mar,Nikkei 225,Japan,9930.87,-0.07,2.12,Recovery
2003,Apr,Nikkei 225,Japan,10371.66,0.02,2.48,Recovery
2003,May,Nikkei 225,Japan,10516.52,0.08,2.33,Recovery
2003,Jun,Nikkei 225,Japan,10759.31,-0.98,3.51,Recovery
2003,Jul,Nikkei 225,Japan,11033.06,-0.35,4.18,Recovery
2003,Aug,Nikkei 225,Japan,11552.53,-0.23,3.95,Recovery
2003,Sep,Nikkei 225,Japan,12025.32,0.2,3.71,Recovery
2003,Oct,Nikkei 225,Japan,12029.36,0.47,4.09,Recovery
2003,Nov,Nikkei 225,Japan,11963.42,-0.1,1.75,Recovery
2003,Dec,Nikkei 225,Japan,12516.52,-0.87,3.46,Recovery
2004,Jan,Nikkei 225,Japan,12943.01,-0.86,2.18,Bull Market
2004,Feb,Nikkei 225,Japan,13233.14,-0.21,1.55,Bull Market
2004,Mar,Nikkei 225,Japan,13163.12,-0.32,2.38,Bull Market
2004,Apr,Nikkei 225,Japan,13641.88,-0.73,1.62,Bull Market
2004,May,Nikkei 225,Japan,13622.32,-0.04,2.38,Bull Market
2004,Jun,Nikkei 225,Japan,13355.17,0.42,1.62,Bull Market
2004,Jul,Nikkei 225,Japan,13084.65,0.17,3.89,Bull Market
2004,Aug,Nikkei 225,Japan,13084.4,0.97,1.79,Bull Market
2004,Sep,Nikkei 225,Japan,13404.94,0.65,4.2,Bull Market
2004,Oct,Nikkei 225,Japan,13392.3,-0.19,1.39,Bull Market
2004,Nov,Nikkei 225,Japan,13538.41,0.04,3.83,Bull Market
2004,Dec,Nikkei 225,Japan,13763.87,0.06,3.12,Bull Market
2005,Jan,Nikkei 225,Japan,13903.99,-0.72,2.87,Bull Market
2005,Feb,Nikkei 225,Japan,14290.79,-0.91,3.45,Bull Market
2005,Mar,Nikkei 225,Japan,13938.06,0.51,4.2,Bull Market
2005,Apr,Nikkei 225,Japan,13848.17,0.4,4.03,Bull Market
2005,May,Nikkei 225,Japan,14279.97,0.87,3.76,Bull Market
2005,Jun,Nikkei 225,Japan,14729.12,0.08,3.06,Bull Market
2005,Jul,Nikkei 225,Japan,14705.57,0.01,2.46,Bull Market
2005,Aug,Nikkei 225,Japan,14354.9,0.39,3.91,Bull Market
2005,Sep,Nikkei 225,Japan,14051.19,0.97,2.86,Bull Market
2005,Oct,Nikkei 225,Japan,14172.08,-0.39,1.69,Bull Market
2005,Nov,Nikkei 225,Japan,14497.74,-0.05,3.94,Bull Market
2005,Dec,Nikkei 225,Japan,14789.31,0.93,4.37,Bull Market
2006,Jan,Nikkei 225,Japan,14733.01,-0.15,2.28,Bull Market
2006,Feb,Nikkei 225,Japan,14898.84,-0.2,1.72,Bull Market
2006,Mar,Nikkei 225,Japan,15417.16,-0.07,3.44,Bull Market
2006,Apr,Nikkei 225,Japan,15188.99,-0.97,3,Bull Market
2006,May,Nikkei 225,Japan,15398.16,0.49,4.23,Bull Market
2006,Jun,Nikkei 225,Japan,15201.69,0.69,3.09,Bull Market
2006,Jul,Nikkei 225,Japan,14919.49,-0.28,2.33,Bull Market
2006,Aug,Nikkei 225,Japan,14722.84,-0.28,1.3,Bull Market
2006,Sep,Nikkei 225,Japan,14453.61,-0.92,4.54,Bull Market
2006,Oct,Nikkei 225,Japan,14528.39,0.49,2.45,Bull Market
2006,Nov,Nikkei 225,Japan,14311.62,0.47,3.99,Bull Market
2006,Dec,Nikkei 225,Japan,14646.1,0.34,2.59,Bull Market
2007,Jan,Nikkei 225,Japan,14319.43,-0.17,3.02,Pre-GFC Peak
2007,Feb,Nikkei 225,Japan,14114.25,0.77,3.05,Pre-GFC Peak
2007,Mar,Nikkei 225,Japan,14414.07,-0.68,1.7,Pre-GFC Peak
2007,Apr,Nikkei 225,Japan,14666.42,-0.79,2.77,Pre-GFC Peak
2007,May,Nikkei 225,Japan,15012.98,0.45,1.56,Pre-GFC Peak
2007,Jun,Nikkei 225,Japan,14805.3,0.56,1.5,Pre-GFC Peak
2007,Jul,Nikkei 225,Japan,14867.71,0.01,3.8,Pre-GFC Peak
2007,Aug,Nikkei 225,Japan,14867.39,0.26,2.88,Pre-GFC Peak
2007,Sep,Nikkei 225,Japan,14505.09,0.21,4.03,Pre-GFC Peak
2007,Oct,Nikkei 225,Japan,14814.5,0.97,4.5,Pre-GFC Peak
2007,Nov,Nikkei 225,Japan,15177.23,-0.33,4.16,Pre-GFC Peak
2007,Dec,Nikkei 225,Japan,14965.2,0.53,3.17,Pre-GFC Peak
2008,Jan,Nikkei 225,Japan,14705.74,0.07,9.82,Global Financial Crisis
2008,Feb,Nikkei 225,Japan,14004.56,0.12,9.19,Global Financial Crisis
2008,Mar,Nikkei 225,Japan,13608.84,0.95,9.15,Global Financial Crisis
2008,Apr,Nikkei 225,Japan,13483.22,-0.87,10.84,Global Financial Crisis
2008,May,Nikkei 225,Japan,13287.82,0.61,10.94,Global Financial Crisis
2008,Jun,Nikkei 225,Japan,13085.87,-0.12,10.97,Global Financial Crisis
2008,Jul,Nikkei 225,Japan,12316,0.92,9.6,Global Financial Crisis
2008,Aug,Nikkei 225,Japan,12139.92,0.24,8.58,Global Financial Crisis
2008,Sep,Nikkei 225,Japan,11421.85,-0.15,9.99,Global Financial Crisis
2008,Oct,Nikkei 225,Japan,10837.01,0.88,8.74,Global Financial Crisis
2008,Nov,Nikkei 225,Japan,10680.33,-0.08,8.21,Global Financial Crisis
2008,Dec,Nikkei 225,Japan,10196.6,-0.3,10.11,Global Financial Crisis
2009,Jan,Nikkei 225,Japan,10679.91,-0.45,2.56,GFC Recovery
2009,Feb,Nikkei 225,Japan,10743,0.77,2.27,GFC Recovery
2009,Mar,Nikkei 225,Japan,10841.74,-0.88,1.84,GFC Recovery
2009,Apr,Nikkei 225,Japan,11266.86,0.7,1.8,GFC Recovery
2009,May,Nikkei 225,Japan,11789.14,-0.17,1.64,GFC Recovery
2009,Jun,Nikkei 225,Japan,11818.12,-0.66,3.02,GFC Recovery
2009,Jul,Nikkei 225,Japan,12064.99,-0.71,2.7,GFC Recovery
2009,Aug,Nikkei 225,Japan,12585.28,0.62,2.4,GFC Recovery
2009,Sep,Nikkei 225,Japan,12942.23,0.39,2.05,GFC Recovery
2009,Oct,Nikkei 225,Japan,13151.56,0.73,2.44,GFC Recovery
2009,Nov,Nikkei 225,Japan,13388.87,0.83,3.52,GFC Recovery
2009,Dec,Nikkei 225,Japan,13904.16,0.18,1.78,GFC Recovery
2010,Jan,Nikkei 225,Japan,13922.61,-0.69,4.2,Bull Market
2010,Feb,Nikkei 225,Japan,13681.39,0.57,1.71,Bull Market
2010,Mar,Nikkei 225,Japan,13672.26,0.34,3.9,Bull Market
2010,Apr,Nikkei 225,Japan,14075.63,0.89,3.07,Bull Market
2010,May,Nikkei 225,Japan,14348.41,0.08,3.15,Bull Market
2010,Jun,Nikkei 225,Japan,14766.64,0.99,2.74,Bull Market
2010,Jul,Nikkei 225,Japan,14962.01,-0.96,4.33,Bull Market
2010,Aug,Nikkei 225,Japan,15002.92,0.93,3.83,Bull Market
2010,Sep,Nikkei 225,Japan,15571.2,-0.67,2.18,Bull Market
2010,Oct,Nikkei 225,Japan,16022.88,-0.38,3.88,Bull Market
2010,Nov,Nikkei 225,Japan,15801.47,0.37,1.66,Bull Market
2010,Dec,Nikkei 225,Japan,15721.72,0.56,4.25,Bull Market
2011,Jan,Nikkei 225,Japan,15348.86,-0.35,2.11,Euro Debt Crisis
2011,Feb,Nikkei 225,Japan,14953.45,0.94,2.89,Euro Debt Crisis
2011,Mar,Nikkei 225,Japan,14951.76,0.65,4.2,Euro Debt Crisis
2011,Apr,Nikkei 225,Japan,14953.77,-0.15,3.71,Euro Debt Crisis
2011,May,Nikkei 225,Japan,15108.74,-0.22,3.33,Euro Debt Crisis
2011,Jun,Nikkei 225,Japan,15289.7,-0.98,3.85,Euro Debt Crisis
2011,Jul,Nikkei 225,Japan,15155.16,0.5,2.61,Euro Debt Crisis
2011,Aug,Nikkei 225,Japan,15154.84,-0.14,4.07,Euro Debt Crisis
2011,Sep,Nikkei 225,Japan,15057.31,-0.26,4.18,Euro Debt Crisis
2011,Oct,Nikkei 225,Japan,14609.78,0.01,3.13,Euro Debt Crisis
2011,Nov,Nikkei 225,Japan,14972.97,-0.07,3.2,Euro Debt Crisis
2011,Dec,Nikkei 225,Japan,15328.72,0.83,2.16,Euro Debt Crisis
2012,Jan,Nikkei 225,Japan,15203.91,0.69,1.69,Recovery
2012,Feb,Nikkei 225,Japan,15007.56,0.09,1.83,Recovery
2012,Mar,Nikkei 225,Japan,14742.12,0.45,2.92,Recovery
2012,Apr,Nikkei 225,Japan,15183.12,0.66,3.54,Recovery
2012,May,Nikkei 225,Japan,15477.93,0.29,2.94,Recovery
2012,Jun,Nikkei 225,Japan,15668.98,0.5,1.53,Recovery
2012,Jul,Nikkei 225,Japan,16297.23,0.54,4.38,Recovery
2012,Aug,Nikkei 225,Japan,16882.25,0.43,2.83,Recovery
2012,Sep,Nikkei 225,Japan,16692.54,0.54,1.85,Recovery
2012,Oct,Nikkei 225,Japan,17260.8,-0.91,4.61,Recovery
2012,Nov,Nikkei 225,Japan,16963.6,-0.1,3.28,Recovery
2012,Dec,Nikkei 225,Japan,16729.5,0.26,2.02,Recovery
2013,Jan,Nikkei 225,Japan,17553.41,-0.13,4.1,Bull Market
2013,Feb,Nikkei 225,Japan,17785.96,-0.09,1.66,Bull Market
2013,Mar,Nikkei 225,Japan,17702.73,0.72,3.33,Bull Market
2013,Apr,Nikkei 225,Japan,18484.29,0.4,3.15,Bull Market
2013,May,Nikkei 225,Japan,18805.17,-0.38,1.59,Bull Market
2013,Jun,Nikkei 225,Japan,19128.81,-0.35,2.73,Bull Market
2013,Jul,Nikkei 225,Japan,19569.2,-0.28,4.01,Bull Market
2013,Aug,Nikkei 225,Japan,20406.53,-0.96,2.74,Bull Market
2013,Sep,Nikkei 225,Japan,21158.51,0.18,1.58,Bull Market
2013,Oct,Nikkei 225,Japan,21967.77,0.19,4.01,Bull Market
2013,Nov,Nikkei 225,Japan,22828.01,-0.46,2.22,Bull Market
2013,Dec,Nikkei 225,Japan,23086.69,-0.84,3.42,Bull Market
2014,Jan,Nikkei 225,Japan,23669.63,0.01,3.16,Bull Market
2014,Feb,Nikkei 225,Japan,24557.27,0.65,2.5,Bull Market
2014,Mar,Nikkei 225,Japan,24962.66,0.15,2.77,Bull Market
2014,Apr,Nikkei 225,Japan,25627.38,-0.76,3.91,Bull Market
2014,May,Nikkei 225,Japan,26193.58,-0.18,1.32,Bull Market
2014,Jun,Nikkei 225,Japan,26141.39,-0.2,4.07,Bull Market
2014,Jul,Nikkei 225,Japan,26949.47,0.79,4.14,Bull Market
2014,Aug,Nikkei 225,Japan,27878.28,0.04,2.8,Bull Market
2014,Sep,Nikkei 225,Japan,27526.51,-0.3,1.85,Bull Market
2014,Oct,Nikkei 225,Japan,28556.93,-0.75,3.14,Bull Market
2014,Nov,Nikkei 225,Japan,29623.5,-0.26,2.89,Bull Market
2014,Dec,Nikkei 225,Japan,29716.5,-0.2,3.18,Bull Market
2015,Jan,Nikkei 225,Japan,29142.12,-0.41,2.98,Volatility
2015,Feb,Nikkei 225,Japan,28474.64,-0.32,3.05,Volatility
2015,Mar,Nikkei 225,Japan,27722.62,0.88,4.53,Volatility
2015,Apr,Nikkei 225,Japan,28348.25,-0.11,3.23,Volatility
2015,May,Nikkei 225,Japan,28421.4,-1,3.28,Volatility
2015,Jun,Nikkei 225,Japan,29180.35,0.31,4.15,Volatility
2015,Jul,Nikkei 225,Japan,28567.45,-0.63,3.6,Volatility
2015,Aug,Nikkei 225,Japan,28599.86,0.78,2.32,Volatility
2015,Sep,Nikkei 225,Japan,28973.23,-0.5,2.85,Volatility
2015,Oct,Nikkei 225,Japan,29284.56,0.27,3.81,Volatility
2015,Nov,Nikkei 225,Japan,29784.11,0.53,2.86,Volatility
2015,Dec,Nikkei 225,Japan,30102.94,0.08,2.09,Volatility
2016,Jan,Nikkei 225,Japan,30186.69,0.79,1.63,Recovery
2016,Feb,Nikkei 225,Japan,30458.03,0.7,3.19,Recovery
2016,Mar,Nikkei 225,Japan,30342.02,0.03,3.1,Recovery
2016,Apr,Nikkei 225,Japan,30680.88,-0.42,4.29,Recovery
2016,May,Nikkei 225,Japan,31629.24,-0.5,2.41,Recovery
2016,Jun,Nikkei 225,Japan,30971.8,0.62,4.13,Recovery
2016,Jul,Nikkei 225,Japan,31286.41,0.9,2.78,Recovery
2016,Aug,Nikkei 225,Japan,32263.13,-0.08,1.92,Recovery
2016,Sep,Nikkei 225,Japan,31783.83,0.83,2.48,Recovery
2016,Oct,Nikkei 225,Japan,31448.49,0.99,3.15,Recovery
2016,Nov,Nikkei 225,Japan,31615.73,-0.35,3.9,Recovery
2016,Dec,Nikkei 225,Japan,31061.25,0.29,3.45,Recovery
2017,Jan,Nikkei 225,Japan,32298.13,0.12,3.51,Bull Market
2017,Feb,Nikkei 225,Japan,32980.23,-0.68,3.85,Bull Market
2017,Mar,Nikkei 225,Japan,33519.05,-0.72,4.48,Bull Market
2017,Apr,Nikkei 225,Japan,34920.09,0.37,4.08,Bull Market
2017,May,Nikkei 225,Japan,35151.17,-0.21,3.95,Bull Market
2017,Jun,Nikkei 225,Japan,35035.65,-0.16,2.18,Bull Market
2017,Jul,Nikkei 225,Japan,35823.21,0.66,3.34,Bull Market
2017,Aug,Nikkei 225,Japan,35732.38,0.88,2.81,Bull Market
2017,Sep,Nikkei 225,Japan,35704.42,0.31,1.87,Bull Market
2017,Oct,Nikkei 225,Japan,36662.28,-0.86,3.1,Bull Market
2017,Nov,Nikkei 225,Japan,37275.05,-0.58,4.07,Bull Market
2017,Dec,Nikkei 225,Japan,38313.42,0.19,1.16,Bull Market
2018,Jan,Nikkei 225,Japan,38860.02,-0.09,1.85,Trade War Jitters
2018,Feb,Nikkei 225,Japan,37893.59,0.89,4.45,Trade War Jitters
2018,Mar,Nikkei 225,Japan,37233.09,0.95,4.55,Trade War Jitters
2018,Apr,Nikkei 225,Japan,37316.65,-0.82,2.27,Trade War Jitters
2018,May,Nikkei 225,Japan,36406.63,-0.4,2.07,Trade War Jitters
2018,Jun,Nikkei 225,Japan,36819.01,0.6,1.78,Trade War Jitters
2018,Jul,Nikkei 225,Japan,37737.6,-0.61,2.09,Trade War Jitters
2018,Aug,Nikkei 225,Japan,36619.89,0.31,3.98,Trade War Jitters
2018,Sep,Nikkei 225,Japan,36524.35,-0.45,1.97,Trade War Jitters
2018,Oct,Nikkei 225,Japan,36056.58,-0.11,1.68,Trade War Jitters
2018,Nov,Nikkei 225,Japan,35539.91,-0.99,4.75,Trade War Jitters
2018,Dec,Nikkei 225,Japan,35616.94,0.25,1.77,Trade War Jitters
2019,Jan,Nikkei 225,Japan,36110.32,0.84,3.83,Bull Market
2019,Feb,Nikkei 225,Japan,35957.19,0.64,3.91,Bull Market
2019,Mar,Nikkei 225,Japan,37400.36,0.6,3.12,Bull Market
2019,Apr,Nikkei 225,Japan,37825.42,-0.48,2.21,Bull Market
2019,May,Nikkei 225,Japan,38775.36,-0.87,3.12,Bull Market
2019,Jun,Nikkei 225,Japan,39410.85,0.18,2.02,Bull Market
2019,Jul,Nikkei 225,Japan,40097.9,-0.04,1.91,Bull Market
2019,Aug,Nikkei 225,Japan,41969.72,0.9,4.21,Bull Market
2019,Sep,Nikkei 225,Japan,41646.28,-0.19,1.62,Bull Market
2019,Oct,Nikkei 225,Japan,43493.29,0.33,2.65,Bull Market
2019,Nov,Nikkei 225,Japan,44612.06,0.93,3.77,Bull Market
2019,Dec,Nikkei 225,Japan,44691.91,-0.4,2.97,Bull Market
2020,Jan,Nikkei 225,Japan,44755.39,-0.22,10.9,COVID Crash & Recovery
2020,Feb,Nikkei 225,Japan,44042.88,-0.75,9.3,COVID Crash & Recovery
2020,Mar,Nikkei 225,Japan,43999.92,-0.35,10.9,COVID Crash & Recovery
2020,Apr,Nikkei 225,Japan,44683.83,-0.55,11.18,COVID Crash & Recovery
2020,May,Nikkei 225,Japan,43921.33,0.19,11,COVID Crash & Recovery
2020,Jun,Nikkei 225,Japan,44060.59,0.5,9.23,COVID Crash & Recovery
2020,Jul,Nikkei 225,Japan,44548.77,0.07,8.63,COVID Crash & Recovery
2020,Aug,Nikkei 225,Japan,46398.59,-0.59,10.49,COVID Crash & Recovery
2020,Sep,Nikkei 225,Japan,46880.8,0.17,10.66,COVID Crash & Recovery
2020,Oct,Nikkei 225,Japan,48625,0.37,10.81,COVID Crash & Recovery
2020,Nov,Nikkei 225,Japan,48460.54,0.7,10.62,COVID Crash & Recovery
2020,Dec,Nikkei 225,Japan,47775.1,0.03,9.81,COVID Crash & Recovery
2021,Jan,Nikkei 225,Japan,48505.25,-0.99,2.45,Post-COVID Bull
2021,Feb,Nikkei 225,Japan,50918.48,-0.92,4.66,Post-COVID Bull
2021,Mar,Nikkei 225,Japan,52563.27,-0.18,2.17,Post-COVID Bull
2021,Apr,Nikkei 225,Japan,52555.76,0.84,3.64,Post-COVID Bull
2021,May,Nikkei 225,Japan,52334.75,-0.89,2.37,Post-COVID Bull
2021,Jun,Nikkei 225,Japan,53706.96,0.73,4.28,Post-COVID Bull
2021,Jul,Nikkei 225,Japan,53519.46,-0.54,4.06,Post-COVID Bull
2021,Aug,Nikkei 225,Japan,55780.35,-0.28,1.98,Post-COVID Bull
2021,Sep,Nikkei 225,Japan,55405.86,-0.55,1.64,Post-COVID Bull
2021,Oct,Nikkei 225,Japan,54901.02,0.5,3.87,Post-COVID Bull
2021,Nov,Nikkei 225,Japan,54677.54,-0.26,3.31,Post-COVID Bull
2021,Dec,Nikkei 225,Japan,55988.34,-0.41,2.81,Post-COVID Bull
2022,Jan,Nikkei 225,Japan,53373.77,-0.2,2.42,Rate Hike Bear
2022,Feb,Nikkei 225,Japan,51698.21,-0.04,3.85,Rate Hike Bear
2022,Mar,Nikkei 225,Japan,50779.81,0.91,3.19,Rate Hike Bear
2022,Apr,Nikkei 225,Japan,49280.97,-0.32,4.12,Rate Hike Bear
2022,May,Nikkei 225,Japan,48508.33,0.75,4.09,Rate Hike Bear
2022,Jun,Nikkei 225,Japan,48390,-0.93,4.33,Rate Hike Bear
2022,Jul,Nikkei 225,Japan,47947.25,-0.99,2.77,Rate Hike Bear
2022,Aug,Nikkei 225,Japan,47570.82,-0.66,3.99,Rate Hike Bear
2022,Sep,Nikkei 225,Japan,45402.39,0.63,2.38,Rate Hike Bear
2022,Oct,Nikkei 225,Japan,45178.89,0.15,2.16,Rate Hike Bear
2022,Nov,Nikkei 225,Japan,45565.69,-0.63,3.68,Rate Hike Bear
2022,Dec,Nikkei 225,Japan,45434.46,0.25,4.03,Rate Hike Bear
2023,Jan,Nikkei 225,Japan,47374.23,-0.31,3.28,AI Bull
2023,Feb,Nikkei 225,Japan,48103.03,-0.16,1.54,AI Bull
2023,Mar,Nikkei 225,Japan,47904.79,0.57,4.07,AI Bull
2023,Apr,Nikkei 225,Japan,49970.03,-0.48,2.78,AI Bull
2023,May,Nikkei 225,Japan,50813.16,-0.37,1.43,AI Bull
2023,Jun,Nikkei 225,Japan,51317.23,-0.14,2.19,AI Bull
2023,Jul,Nikkei 225,Japan,52115.45,-0.9,3.76,AI Bull
2023,Aug,Nikkei 225,Japan,53763.27,-0.67,2.46,AI Bull
2023,Sep,Nikkei 225,Japan,54818.83,-0.77,3.12,AI Bull
2023,Oct,Nikkei 225,Japan,54322.22,-0.7,2.13,AI Bull
2023,Nov,Nikkei 225,Japan,54599.43,0.97,2.54,AI Bull
2023,Dec,Nikkei 225,Japan,55852.05,-0.76,1.83,AI Bull
2024,Jan,Nikkei 225,Japan,57801.77,-0.21,1.77,AI Bull
2024,Feb,Nikkei 225,Japan,57906.97,0.72,2.17,AI Bull
2024,Mar,Nikkei 225,Japan,57740.58,0.47,3.87,AI Bull
2024,Apr,Nikkei 225,Japan,58004.88,0.68,3.27,AI Bull
2024,May,Nikkei 225,Japan,60354.7,0.03,2.13,AI Bull
2024,Jun,Nikkei 225,Japan,62286.93,-0.21,4.01,AI Bull
2024,Jul,Nikkei 225,Japan,62650.32,-0.96,2.29,AI Bull
2024,Aug,Nikkei 225,Japan,62033.96,-0.72,2.04,AI Bull
2024,Sep,Nikkei 225,Japan,62952.89,-0.84,4.67,AI Bull
2024,Oct,Nikkei 225,Japan,64180.24,0.28,2.72,AI Bull
2024,Nov,Nikkei 225,Japan,66366.27,-0.7,1.81,AI Bull
2024,Dec,Nikkei 225,Japan,68588.92,0.8,4.36,AI Bull
2000,Jan,FTSE 100,UK,6131.45,0.33,3.61,Dot-com Peak
2000,Feb,FTSE 100,UK,6148.25,0.95,3.25,Dot-com Peak
2000,Mar,FTSE 100,UK,6170.54,-0.84,2.25,Dot-com Peak
2000,Apr,FTSE 100,UK,6141.46,0.14,3.3,Dot-com Peak
2000,May,FTSE 100,UK,6255.9,-0.44,1.58,Dot-com Peak
2000,Jun,FTSE 100,UK,6393.55,-0.3,2.98,Dot-com Peak
2000,Jul,FTSE 100,UK,6564.62,0.37,2.85,Dot-com Peak
2000,Aug,FTSE 100,UK,6535.2,-0.33,2.91,Dot-com Peak
2000,Sep,FTSE 100,UK,6685.31,-0.31,1.52,Dot-com Peak
2000,Oct,FTSE 100,UK,6875.09,-0.45,2.73,Dot-com Peak
2000,Nov,FTSE 100,UK,6987.92,0.89,2.66,Dot-com Peak
2000,Dec,FTSE 100,UK,7036.62,-0.31,2.14,Dot-com Peak
2001,Jan,FTSE 100,UK,6882.35,-0.44,1.53,Dot-com Crash
2001,Feb,FTSE 100,UK,6696.12,0.56,1.87,Dot-com Crash
2001,Mar,FTSE 100,UK,6694.45,0.41,1.64,Dot-com Crash
2001,Apr,FTSE 100,UK,6593.48,-0.52,1.73,Dot-com Crash
2001,May,FTSE 100,UK,6354.86,-0.94,2.74,Dot-com Crash
2001,Jun,FTSE 100,UK,6180.67,0.68,4.38,Dot-com Crash
2001,Jul,FTSE 100,UK,6033.28,-0.95,3.97,Dot-com Crash
2001,Aug,FTSE 100,UK,5791.28,-0.54,2.49,Dot-com Crash
2001,Sep,FTSE 100,UK,5814.37,0.49,1.41,Dot-com Crash
2001,Oct,FTSE 100,UK,5652.43,-0.71,4.2,Dot-com Crash
2001,Nov,FTSE 100,UK,5684.26,0.07,2.68,Dot-com Crash
2001,Dec,FTSE 100,UK,5467.38,0.23,3.5,Dot-com Crash
2002,Jan,FTSE 100,UK,5385.77,-0.63,2.2,Dot-com Crash
2002,Feb,FTSE 100,UK,5189.32,0.35,3.4,Dot-com Crash
2002,Mar,FTSE 100,UK,4982.02,-0.78,1.72,Dot-com Crash
2002,Apr,FTSE 100,UK,4769.63,-0.32,3.95,Dot-com Crash
2002,May,FTSE 100,UK,4671.83,-0.43,2.62,Dot-com Crash
2002,Jun,FTSE 100,UK,4528.62,0.74,3.59,Dot-com Crash
2002,Jul,FTSE 100,UK,4404.54,0.36,3.93,Dot-com Crash
2002,Aug,FTSE 100,UK,4375.84,-0.74,1.76,Dot-com Crash
2002,Sep,FTSE 100,UK,4279.75,0.41,1.5,Dot-com Crash
2002,Oct,FTSE 100,UK,4252.23,-0.09,3.64,Dot-com Crash
2002,Nov,FTSE 100,UK,4059.01,0.48,3.9,Dot-com Crash
2002,Dec,FTSE 100,UK,4087.11,0.31,2.28,Dot-com Crash
2003,Jan,FTSE 100,UK,4161.14,0.42,2.04,Recovery
2003,Feb,FTSE 100,UK,4197.94,-0.86,3.12,Recovery
2003,Mar,FTSE 100,UK,4353.56,-0.6,3.66,Recovery
2003,Apr,FTSE 100,UK,4484.05,0.3,1.61,Recovery
2003,May,FTSE 100,UK,4614.91,-0.82,4.39,Recovery
2003,Jun,FTSE 100,UK,4801.77,0.14,1.12,Recovery
2003,Jul,FTSE 100,UK,4990.19,-0.5,3.41,Recovery
2003,Aug,FTSE 100,UK,4974.8,0.59,1.8,Recovery
2003,Sep,FTSE 100,UK,5216.41,-0.01,2.97,Recovery
2003,Oct,FTSE 100,UK,5326.18,0.12,3.13,Recovery
2003,Nov,FTSE 100,UK,5305.17,-0.56,1.69,Recovery
2003,Dec,FTSE 100,UK,5398.28,-0.51,3.91,Recovery
2004,Jan,FTSE 100,UK,5422.29,0.55,1.75,Bull Market
2004,Feb,FTSE 100,UK,5495.1,0.71,2.28,Bull Market
2004,Mar,FTSE 100,UK,5396.88,0.59,2.13,Bull Market
2004,Apr,FTSE 100,UK,5466.2,0.08,2.99,Bull Market
2004,May,FTSE 100,UK,5578.67,-0.14,1.23,Bull Market
2004,Jun,FTSE 100,UK,5550.63,0.75,4.36,Bull Market
2004,Jul,FTSE 100,UK,5707.44,-0.61,3.52,Bull Market
2004,Aug,FTSE 100,UK,5732.52,-0.46,3.87,Bull Market
2004,Sep,FTSE 100,UK,5924.23,-0.94,4.16,Bull Market
2004,Oct,FTSE 100,UK,5960.47,-0.14,1.19,Bull Market
2004,Nov,FTSE 100,UK,6037.66,-0.9,3.88,Bull Market
2004,Dec,FTSE 100,UK,6130.14,0.46,2.69,Bull Market
2005,Jan,FTSE 100,UK,6124.93,-0.63,1.71,Bull Market
2005,Feb,FTSE 100,UK,6119.46,-0.05,2.07,Bull Market
2005,Mar,FTSE 100,UK,6209.76,0.64,3.25,Bull Market
2005,Apr,FTSE 100,UK,6171.91,-0.27,1.75,Bull Market
2005,May,FTSE 100,UK,6073.59,-0.77,2.61,Bull Market
2005,Jun,FTSE 100,UK,5985.11,-0.3,3.7,Bull Market
2005,Jul,FTSE 100,UK,5985.74,-0.19,3.04,Bull Market
2005,Aug,FTSE 100,UK,5964.63,0.07,2.41,Bull Market
2005,Sep,FTSE 100,UK,5821.62,-0.78,2.64,Bull Market
2005,Oct,FTSE 100,UK,5677.71,-0.79,1.84,Bull Market
2005,Nov,FTSE 100,UK,5815.16,0.3,3.53,Bull Market
2005,Dec,FTSE 100,UK,5986.66,-0.32,3.64,Bull Market
2006,Jan,FTSE 100,UK,6111.46,0.93,3.05,Bull Market
2006,Feb,FTSE 100,UK,6004.35,0.58,2.63,Bull Market
2006,Mar,FTSE 100,UK,5947.16,-0.6,2.34,Bull Market
2006,Apr,FTSE 100,UK,5988.39,0.25,3.36,Bull Market
2006,May,FTSE 100,UK,6229.02,0.17,1.85,Bull Market
2006,Jun,FTSE 100,UK,6305.24,0.39,3.4,Bull Market
2006,Jul,FTSE 100,UK,6458.7,0.48,2.83,Bull Market
2006,Aug,FTSE 100,UK,6392.11,0.46,2.86,Bull Market
2006,Sep,FTSE 100,UK,6438.77,-0.01,2.89,Bull Market
2006,Oct,FTSE 100,UK,6670.25,0.31,3.59,Bull Market
2006,Nov,FTSE 100,UK,6801.12,0.56,4.31,Bull Market
2006,Dec,FTSE 100,UK,7018.66,-0.16,3.06,Bull Market
2007,Jan,FTSE 100,UK,7168.6,-0.49,3.63,Pre-GFC Peak
2007,Feb,FTSE 100,UK,7241.47,0.39,2.54,Pre-GFC Peak
2007,Mar,FTSE 100,UK,7253.14,-0.64,4.51,Pre-GFC Peak
2007,Apr,FTSE 100,UK,7425.88,-0.01,1.77,Pre-GFC Peak
2007,May,FTSE 100,UK,7673.26,0.08,1.82,Pre-GFC Peak
2007,Jun,FTSE 100,UK,7479.79,-0.79,2.89,Pre-GFC Peak
2007,Jul,FTSE 100,UK,7347.27,-0.84,2.36,Pre-GFC Peak
2007,Aug,FTSE 100,UK,7543.38,-0.65,4.04,Pre-GFC Peak
2007,Sep,FTSE 100,UK,7515.01,-0.23,2.79,Pre-GFC Peak
2007,Oct,FTSE 100,UK,7593.65,0.36,2.24,Pre-GFC Peak
2007,Nov,FTSE 100,UK,7778.44,-0.38,2.62,Pre-GFC Peak
2007,Dec,FTSE 100,UK,7952.43,0.63,1.85,Pre-GFC Peak
2008,Jan,FTSE 100,UK,7474.49,-0.4,8.92,Global Financial Crisis
2008,Feb,FTSE 100,UK,7068.81,1,10.88,Global Financial Crisis
2008,Mar,FTSE 100,UK,6848.16,-0.66,9.69,Global Financial Crisis
2008,Apr,FTSE 100,UK,6572.91,0.34,11.01,Global Financial Crisis
2008,May,FTSE 100,UK,6454.13,0.13,9.63,Global Financial Crisis
2008,Jun,FTSE 100,UK,6178.39,-0.54,8.96,Global Financial Crisis
2008,Jul,FTSE 100,UK,5775.69,-0.6,11.39,Global Financial Crisis
2008,Aug,FTSE 100,UK,5591.68,-0.96,9.46,Global Financial Crisis
2008,Sep,FTSE 100,UK,5379.75,0.49,9.25,Global Financial Crisis
2008,Oct,FTSE 100,UK,5224.92,0.53,10.58,Global Financial Crisis
2008,Nov,FTSE 100,UK,5103.65,0.32,9.05,Global Financial Crisis
2008,Dec,FTSE 100,UK,4825.54,0.81,8.73,Global Financial Crisis
2009,Jan,FTSE 100,UK,5053.97,-0.3,1.35,GFC Recovery
2009,Feb,FTSE 100,UK,5268.35,0.31,4.07,GFC Recovery
2009,Mar,FTSE 100,UK,5257.9,0.5,3.9,GFC Recovery
2009,Apr,FTSE 100,UK,5441.33,0.93,3.53,GFC Recovery
2009,May,FTSE 100,UK,5694.65,0.16,2.56,GFC Recovery
2009,Jun,FTSE 100,UK,5942.97,-0.58,1.77,GFC Recovery
2009,Jul,FTSE 100,UK,6170.31,0.73,3.32,GFC Recovery
2009,Aug,FTSE 100,UK,6170.65,0.51,1.66,GFC Recovery
2009,Sep,FTSE 100,UK,6444.8,-0.53,2.85,GFC Recovery
2009,Oct,FTSE 100,UK,6731.86,0.56,3.49,GFC Recovery
2009,Nov,FTSE 100,UK,7000.51,-0.36,3.78,GFC Recovery
2009,Dec,FTSE 100,UK,7321.17,0.15,3.58,GFC Recovery
2010,Jan,FTSE 100,UK,7418.47,0.92,4.73,Bull Market
2010,Feb,FTSE 100,UK,7454.36,0.67,3.21,Bull Market
2010,Mar,FTSE 100,UK,7731.67,-0.49,3.56,Bull Market
2010,Apr,FTSE 100,UK,7885.54,-0.96,2.46,Bull Market
2010,May,FTSE 100,UK,7781.14,-0.85,1.85,Bull Market
2010,Jun,FTSE 100,UK,7663.5,0.03,3.16,Bull Market
2010,Jul,FTSE 100,UK,7689.06,-0.55,2.6,Bull Market
2010,Aug,FTSE 100,UK,7797.94,0.25,2.89,Bull Market
2010,Sep,FTSE 100,UK,7893.18,-0.97,3.13,Bull Market
2010,Oct,FTSE 100,UK,8178.59,0.89,4.26,Bull Market
2010,Nov,FTSE 100,UK,8147.65,-0.74,3.66,Bull Market
2010,Dec,FTSE 100,UK,8294.94,-0.92,3.88,Bull Market
2011,Jan,FTSE 100,UK,8411.42,-0.43,3.23,Euro Debt Crisis
2011,Feb,FTSE 100,UK,8547.86,-0.9,3.73,Euro Debt Crisis
2011,Mar,FTSE 100,UK,8640.85,-0.11,3.57,Euro Debt Crisis
2011,Apr,FTSE 100,UK,8538.17,0.38,3.56,Euro Debt Crisis
2011,May,FTSE 100,UK,8771.8,-0.31,2.99,Euro Debt Crisis
2011,Jun,FTSE 100,UK,8726.39,-0.88,4.32,Euro Debt Crisis
2011,Jul,FTSE 100,UK,8956.14,0.54,2.21,Euro Debt Crisis
2011,Aug,FTSE 100,UK,8776.21,0.61,3.8,Euro Debt Crisis
2011,Sep,FTSE 100,UK,8865.29,0.27,3.2,Euro Debt Crisis
2011,Oct,FTSE 100,UK,8969.46,0.04,3.29,Euro Debt Crisis
2011,Nov,FTSE 100,UK,8710.76,0.5,3.4,Euro Debt Crisis
2011,Dec,FTSE 100,UK,8911.02,-0.88,2.59,Euro Debt Crisis
2012,Jan,FTSE 100,UK,9091.79,0.69,4.01,Recovery
2012,Feb,FTSE 100,UK,9233.02,-0.86,3.82,Recovery
2012,Mar,FTSE 100,UK,9207.41,0.66,4.23,Recovery
2012,Apr,FTSE 100,UK,9176.85,0.41,2.18,Recovery
2012,May,FTSE 100,UK,9102.55,-0.28,3.53,Recovery
2012,Jun,FTSE 100,UK,9103.6,0.37,3.75,Recovery
2012,Jul,FTSE 100,UK,9415.27,0.79,1.71,Recovery
2012,Aug,FTSE 100,UK,9314.41,-0.86,4.69,Recovery
2012,Sep,FTSE 100,UK,9629.49,-0.98,2.53,Recovery
2012,Oct,FTSE 100,UK,10040.64,0.58,3.38,Recovery
2012,Nov,FTSE 100,UK,10427.47,0.1,3.62,Recovery
2012,Dec,FTSE 100,UK,10550.77,-0.08,3.61,Recovery
2013,Jan,FTSE 100,UK,11034.09,0.76,2.13,Bull Market
2013,Feb,FTSE 100,UK,11246.73,0.8,1.98,Bull Market
2013,Mar,FTSE 100,UK,11236.57,-0.26,2.21,Bull Market
2013,Apr,FTSE 100,UK,11693.3,0.99,2.59,Bull Market
2013,May,FTSE 100,UK,12177.22,0.08,3.42,Bull Market
2013,Jun,FTSE 100,UK,12703.84,-0.86,4.38,Bull Market
2013,Jul,FTSE 100,UK,12857.52,-0.23,2.21,Bull Market
2013,Aug,FTSE 100,UK,13430.81,0.02,2.27,Bull Market
2013,Sep,FTSE 100,UK,13375.03,-0.3,1.86,Bull Market
2013,Oct,FTSE 100,UK,13367.05,0.9,3.51,Bull Market
2013,Nov,FTSE 100,UK,14034.14,0.69,4.17,Bull Market
2013,Dec,FTSE 100,UK,14149.15,-0.91,1.82,Bull Market
2014,Jan,FTSE 100,UK,14195.3,-0.72,1.8,Bull Market
2014,Feb,FTSE 100,UK,14422.9,0.92,2.95,Bull Market
2014,Mar,FTSE 100,UK,14172.92,-0.27,1.53,Bull Market
2014,Apr,FTSE 100,UK,13870.27,-0.68,2.53,Bull Market
2014,May,FTSE 100,UK,14045.05,0.09,2.74,Bull Market
2014,Jun,FTSE 100,UK,14546.5,0.94,3.27,Bull Market
2014,Jul,FTSE 100,UK,14744.87,0.88,2.2,Bull Market
2014,Aug,FTSE 100,UK,14461.19,0.98,4.07,Bull Market
2014,Sep,FTSE 100,UK,14399.59,0.97,2.09,Bull Market
2014,Oct,FTSE 100,UK,14220.72,0.03,1.67,Bull Market
2014,Nov,FTSE 100,UK,14066.22,0.66,4.01,Bull Market
2014,Dec,FTSE 100,UK,13845.09,-0.81,3.18,Bull Market
2015,Jan,FTSE 100,UK,14117.48,0.34,3.84,Volatility
2015,Feb,FTSE 100,UK,14112.87,-0.84,1.92,Volatility
2015,Mar,FTSE 100,UK,14159.84,-0.9,4.58,Volatility
2015,Apr,FTSE 100,UK,14061.93,-0.18,3.06,Volatility
2015,May,FTSE 100,UK,14310.12,0.98,3.2,Volatility
2015,Jun,FTSE 100,UK,14741.79,-0.3,1.3,Volatility
2015,Jul,FTSE 100,UK,15051.62,-0.29,3.35,Volatility
2015,Aug,FTSE 100,UK,15287.24,0.14,3.88,Volatility
2015,Sep,FTSE 100,UK,15720.19,-0.71,2.35,Volatility
2015,Oct,FTSE 100,UK,15834.39,-0.83,4.44,Volatility
2015,Nov,FTSE 100,UK,15960.53,0.47,1.8,Volatility
2015,Dec,FTSE 100,UK,16376.6,0.27,3.73,Volatility
2016,Jan,FTSE 100,UK,16715.69,-0.52,2.91,Recovery
2016,Feb,FTSE 100,UK,16411.59,0.03,1.13,Recovery
2016,Mar,FTSE 100,UK,16945.3,0.91,4.58,Recovery
2016,Apr,FTSE 100,UK,17279.93,0.77,4.55,Recovery
2016,May,FTSE 100,UK,17278.6,-0.97,2.81,Recovery
2016,Jun,FTSE 100,UK,17623.21,0.08,3.54,Recovery
2016,Jul,FTSE 100,UK,17719.59,-0.49,2.72,Recovery
2016,Aug,FTSE 100,UK,17723.22,-0.62,3.41,Recovery
2016,Sep,FTSE 100,UK,17441.3,-0.09,3.38,Recovery
2016,Oct,FTSE 100,UK,17524.08,-0.06,3.91,Recovery
2016,Nov,FTSE 100,UK,17792.67,0.52,3.92,Recovery
2016,Dec,FTSE 100,UK,17468.75,-0.61,2.58,Recovery
2017,Jan,FTSE 100,UK,18278.32,0.03,3.48,Bull Market
2017,Feb,FTSE 100,UK,18473.18,0.85,3.81,Bull Market
2017,Mar,FTSE 100,UK,19109.41,-0.53,2.39,Bull Market
2017,Apr,FTSE 100,UK,19063.95,0.88,4.65,Bull Market
2017,May,FTSE 100,UK,18866.98,0.77,3.01,Bull Market
2017,Jun,FTSE 100,UK,19146.55,0.4,2.56,Bull Market
2017,Jul,FTSE 100,UK,19187.38,-0.8,4.07,Bull Market
2017,Aug,FTSE 100,UK,18991.01,0.99,2.25,Bull Market
2017,Sep,FTSE 100,UK,19362.73,-0.99,3.66,Bull Market
2017,Oct,FTSE 100,UK,20052.19,-0.92,3.71,Bull Market
2017,Nov,FTSE 100,UK,19784.04,-0.91,2.55,Bull Market
2017,Dec,FTSE 100,UK,19507.32,0.27,2.1,Bull Market
2018,Jan,FTSE 100,UK,18946.57,-0.03,3.63,Trade War Jitters
2018,Feb,FTSE 100,UK,18336.14,0.76,4.09,Trade War Jitters
2018,Mar,FTSE 100,UK,18249.52,-0.96,3.25,Trade War Jitters
2018,Apr,FTSE 100,UK,18003.62,-0.28,4.07,Trade War Jitters
2018,May,FTSE 100,UK,18281.41,-0.2,1.32,Trade War Jitters
2018,Jun,FTSE 100,UK,17694.45,0.26,2.75,Trade War Jitters
2018,Jul,FTSE 100,UK,17808.93,-0.78,1.86,Trade War Jitters
2018,Aug,FTSE 100,UK,18018.2,-0.27,3.22,Trade War Jitters
2018,Sep,FTSE 100,UK,18287.61,-0.9,3.46,Trade War Jitters
2018,Oct,FTSE 100,UK,18471.47,-0.94,4.54,Trade War Jitters
2018,Nov,FTSE 100,UK,18645.07,-0.55,3.16,Trade War Jitters
2018,Dec,FTSE 100,UK,18775.67,-0.63,2.07,Trade War Jitters
2019,Jan,FTSE 100,UK,19381.33,0.98,3.14,Bull Market
2019,Feb,FTSE 100,UK,20350.69,-0.51,2.17,Bull Market
2019,Mar,FTSE 100,UK,21327.65,0.87,3.68,Bull Market
2019,Apr,FTSE 100,UK,22217.49,0.85,4.16,Bull Market
2019,May,FTSE 100,UK,23052.27,0.24,2.13,Bull Market
2019,Jun,FTSE 100,UK,23409.78,0.74,4.32,Bull Market
2019,Jul,FTSE 100,UK,24023.51,0.16,2.56,Bull Market
2019,Aug,FTSE 100,UK,24687.73,-0.06,3.88,Bull Market
2019,Sep,FTSE 100,UK,24877.15,-0.98,4.04,Bull Market
2019,Oct,FTSE 100,UK,25431.18,0.91,2.14,Bull Market
2019,Nov,FTSE 100,UK,26555.99,0.38,2.97,Bull Market
2019,Dec,FTSE 100,UK,27503.74,-0.75,3.73,Bull Market
2020,Jan,FTSE 100,UK,28204,0.58,9.5,COVID Crash & Recovery
2020,Feb,FTSE 100,UK,29178.51,0.47,9.89,COVID Crash & Recovery
2020,Mar,FTSE 100,UK,30302.76,-0.96,11.33,COVID Crash & Recovery
2020,Apr,FTSE 100,UK,30807.51,0.54,10.92,COVID Crash & Recovery
2020,May,FTSE 100,UK,30458.57,0.65,10.83,COVID Crash & Recovery
2020,Jun,FTSE 100,UK,30780.71,0.59,11.02,COVID Crash & Recovery
2020,Jul,FTSE 100,UK,30290.88,-0.07,8.37,COVID Crash & Recovery
2020,Aug,FTSE 100,UK,30330.96,-0.68,8.83,COVID Crash & Recovery
2020,Sep,FTSE 100,UK,31170.24,-0.31,9.64,COVID Crash & Recovery
2020,Oct,FTSE 100,UK,30725.64,0.66,10.3,COVID Crash & Recovery
2020,Nov,FTSE 100,UK,31010.14,-0.56,9.24,COVID Crash & Recovery
2020,Dec,FTSE 100,UK,30642.7,-0.54,9.43,COVID Crash & Recovery
2021,Jan,FTSE 100,UK,32054.95,-0.72,2.99,Post-COVID Bull
2021,Feb,FTSE 100,UK,32734.42,0.84,2.44,Post-COVID Bull
2021,Mar,FTSE 100,UK,34098.93,0.7,4.49,Post-COVID Bull
2021,Apr,FTSE 100,UK,34272.64,-0.15,2.84,Post-COVID Bull
2021,May,FTSE 100,UK,34201.35,0.91,2.63,Post-COVID Bull
2021,Jun,FTSE 100,UK,34992.24,-0.9,3.68,Post-COVID Bull
2021,Jul,FTSE 100,UK,36319.86,0.22,1.73,Post-COVID Bull
2021,Aug,FTSE 100,UK,36933.09,-0.89,1.95,Post-COVID Bull
2021,Sep,FTSE 100,UK,38485.71,-0.81,2.54,Post-COVID Bull
2021,Oct,FTSE 100,UK,40302.31,-0.38,3.31,Post-COVID Bull
2021,Nov,FTSE 100,UK,40918.88,0.7,2.22,Post-COVID Bull
2021,Dec,FTSE 100,UK,42405.3,-0.52,4.12,Post-COVID Bull
2022,Jan,FTSE 100,UK,40943.14,0.96,3.37,Rate Hike Bear
2022,Feb,FTSE 100,UK,39738.53,-0.73,1.67,Rate Hike Bear
2022,Mar,FTSE 100,UK,39435.99,-0.54,2.34,Rate Hike Bear
2022,Apr,FTSE 100,UK,39474.64,0.9,2.52,Rate Hike Bear
2022,May,FTSE 100,UK,38356.54,0.17,1.98,Rate Hike Bear
2022,Jun,FTSE 100,UK,37602.3,-0.16,3.08,Rate Hike Bear
2022,Jul,FTSE 100,UK,37781.73,-0.15,1.94,Rate Hike Bear
2022,Aug,FTSE 100,UK,36473.14,0.41,2.66,Rate Hike Bear
2022,Sep,FTSE 100,UK,34871.82,0.37,2,Rate Hike Bear
2022,Oct,FTSE 100,UK,34603.05,-0.31,3.39,Rate Hike Bear
2022,Nov,FTSE 100,UK,34903.46,0.25,3.51,Rate Hike Bear
2022,Dec,FTSE 100,UK,35029.59,0.42,4.33,Rate Hike Bear
2023,Jan,FTSE 100,UK,35680.08,-0.09,3.77,AI Bull
2023,Feb,FTSE 100,UK,35608.09,0.55,2.18,AI Bull
2023,Mar,FTSE 100,UK,36937.22,0.6,2.45,AI Bull
2023,Apr,FTSE 100,UK,38463.73,0.56,1.84,AI Bull
2023,May,FTSE 100,UK,38335.51,-0.09,3.37,AI Bull
2023,Jun,FTSE 100,UK,39982.59,-0.63,2.99,AI Bull
2023,Jul,FTSE 100,UK,39805.38,-0.77,2.37,AI Bull
2023,Aug,FTSE 100,UK,39366.66,-0.41,2.13,AI Bull
2023,Sep,FTSE 100,UK,39532.84,0.8,3.33,AI Bull
2023,Oct,FTSE 100,UK,40478.57,0.72,4.52,AI Bull
2023,Nov,FTSE 100,UK,41402.14,0.58,2.99,AI Bull
2023,Dec,FTSE 100,UK,42427.79,-0.36,2.69,AI Bull
2024,Jan,FTSE 100,UK,43337.93,0.79,1.79,AI Bull
2024,Feb,FTSE 100,UK,43285.19,-0.59,3.51,AI Bull
2024,Mar,FTSE 100,UK,44488.86,0.18,2.48,AI Bull
2024,Apr,FTSE 100,UK,45735.54,0.38,2.63,AI Bull
2024,May,FTSE 100,UK,46419.91,-0.91,2.83,AI Bull
2024,Jun,FTSE 100,UK,46745.31,0.36,1.47,AI Bull
2024,Jul,FTSE 100,UK,48795.15,0.23,2.46,AI Bull
2024,Aug,FTSE 100,UK,48644.85,0.88,3.62,AI Bull
2024,Sep,FTSE 100,UK,49994.65,-0.52,4.4,AI Bull
2024,Oct,FTSE 100,UK,51652.11,0.74,2.31,AI Bull
2024,Nov,FTSE 100,UK,52490.47,0.06,1.11,AI Bull
2024,Dec,FTSE 100,UK,52523.58,0.72,2.53,AI Bull
2000,Jan,Shanghai Composite,China,1972.93,0.97,3.62,Dot-com Peak
2000,Feb,Shanghai Composite,China,1990.54,-0.45,2.17,Dot-com Peak
2000,Mar,Shanghai Composite,China,2047.73,0.78,2.25,Dot-com Peak
2000,Apr,Shanghai Composite,China,2036.66,0.8,4.4,Dot-com Peak
2000,May,Shanghai Composite,China,1984.44,0.54,1.76,Dot-com Peak
2000,Jun,Shanghai Composite,China,1977.26,-0.17,1.44,Dot-com Peak
2000,Jul,Shanghai Composite,China,1928.25,-0.88,1.88,Dot-com Peak
2000,Aug,Shanghai Composite,China,1890.29,0.02,1.13,Dot-com Peak
2000,Sep,Shanghai Composite,China,1945.49,-0.05,3.31,Dot-com Peak
2000,Oct,Shanghai Composite,China,1939.18,-0.83,4.13,Dot-com Peak
2000,Nov,Shanghai Composite,China,1882.31,-0.27,4.06,Dot-com Peak
2000,Dec,Shanghai Composite,China,1848.06,-0.39,1.46,Dot-com Peak
2001,Jan,Shanghai Composite,China,1823.21,-0.52,2.64,Dot-com Crash
2001,Feb,Shanghai Composite,China,1749.51,-0.84,1.78,Dot-com Crash
2001,Mar,Shanghai Composite,China,1744.45,0.49,4.21,Dot-com Crash
2001,Apr,Shanghai Composite,China,1723.33,0.06,2.42,Dot-com Crash
2001,May,Shanghai Composite,China,1750.36,-0.91,3.84,Dot-com Crash
2001,Jun,Shanghai Composite,China,1777.87,0.76,3.98,Dot-com Crash
2001,Jul,Shanghai Composite,China,1717.59,0.85,3.65,Dot-com Crash
2001,Aug,Shanghai Composite,China,1718.66,-0.93,3.2,Dot-com Crash
2001,Sep,Shanghai Composite,China,1715.07,0.64,4.5,Dot-com Crash
2001,Oct,Shanghai Composite,China,1693.29,-0.65,4,Dot-com Crash
2001,Nov,Shanghai Composite,China,1664.6,0.02,3.91,Dot-com Crash
2001,Dec,Shanghai Composite,China,1689.14,0.19,3.43,Dot-com Crash
2002,Jan,Shanghai Composite,China,1703.12,-0.18,2.83,Dot-com Crash
2002,Feb,Shanghai Composite,China,1711.52,0.21,1.75,Dot-com Crash
2002,Mar,Shanghai Composite,China,1650.12,-0.13,3.9,Dot-com Crash
2002,Apr,Shanghai Composite,China,1629.46,-0.61,3.56,Dot-com Crash
2002,May,Shanghai Composite,China,1584.42,0.82,2.2,Dot-com Crash
2002,Jun,Shanghai Composite,China,1550.55,0.8,2.64,Dot-com Crash
2002,Jul,Shanghai Composite,China,1558.12,-0.04,1.2,Dot-com Crash
2002,Aug,Shanghai Composite,China,1535.19,0.42,4,Dot-com Crash
2002,Sep,Shanghai Composite,China,1541.04,-0.64,2.15,Dot-com Crash
2002,Oct,Shanghai Composite,China,1543.22,0.02,2.17,Dot-com Crash
2002,Nov,Shanghai Composite,China,1543.39,-0.5,3.72,Dot-com Crash
2002,Dec,Shanghai Composite,China,1546.51,0.07,2.53,Dot-com Crash
2003,Jan,Shanghai Composite,China,1566.8,0.82,4.57,Recovery
2003,Feb,Shanghai Composite,China,1565.6,-0.19,2.72,Recovery
2003,Mar,Shanghai Composite,China,1597.73,0.6,2.83,Recovery
2003,Apr,Shanghai Composite,China,1656.81,0.77,4.14,Recovery
2003,May,Shanghai Composite,China,1691.12,0.5,4.32,Recovery
2003,Jun,Shanghai Composite,China,1692.81,-0.66,4.02,Recovery
2003,Jul,Shanghai Composite,China,1769.58,-0.63,1.55,Recovery
2003,Aug,Shanghai Composite,China,1813.54,0.94,3.43,Recovery
2003,Sep,Shanghai Composite,China,1808.29,0.28,3.3,Recovery
2003,Oct,Shanghai Composite,China,1807.92,-0.22,2.9,Recovery
2003,Nov,Shanghai Composite,China,1823.35,0.91,3.07,Recovery
2003,Dec,Shanghai Composite,China,1818.89,-0.51,2.59,Recovery
2004,Jan,Shanghai Composite,China,1783.48,0.25,3.84,Bull Market
2004,Feb,Shanghai Composite,China,1836.87,-0.38,3.65,Bull Market
2004,Mar,Shanghai Composite,China,1851.61,0.48,1.84,Bull Market
2004,Apr,Shanghai Composite,China,1919.46,0.11,3.94,Bull Market
2004,May,Shanghai Composite,China,1925.26,0.44,3.98,Bull Market
2004,Jun,Shanghai Composite,China,1919.24,-0.54,3.28,Bull Market
2004,Jul,Shanghai Composite,China,1906.13,-0.71,2.64,Bull Market
2004,Aug,Shanghai Composite,China,1970.79,0.54,1.51,Bull Market
2004,Sep,Shanghai Composite,China,2025.87,-0.89,4.26,Bull Market
2004,Oct,Shanghai Composite,China,2019.6,-0.7,4.32,Bull Market
2004,Nov,Shanghai Composite,China,2088.01,0.53,3.65,Bull Market
2004,Dec,Shanghai Composite,China,2074.42,-0.54,3.64,Bull Market
2005,Jan,Shanghai Composite,China,2117.47,0.8,3.87,Bull Market
2005,Feb,Shanghai Composite,China,2113.15,0.37,1.64,Bull Market
2005,Mar,Shanghai Composite,China,2098.29,0.87,2.32,Bull Market
2005,Apr,Shanghai Composite,China,2079.81,-0.23,3.07,Bull Market
2005,May,Shanghai Composite,China,2074.09,-0.3,2.82,Bull Market
2005,Jun,Shanghai Composite,China,2052.86,0.96,4.57,Bull Market
2005,Jul,Shanghai Composite,China,2033.59,0.67,4.11,Bull Market
2005,Aug,Shanghai Composite,China,2021.98,-0.79,3.03,Bull Market
2005,Sep,Shanghai Composite,China,2015.08,0.39,3.42,Bull Market
2005,Oct,Shanghai Composite,China,2028.09,0.41,2.19,Bull Market
2005,Nov,Shanghai Composite,China,2048.52,0.1,3.43,Bull Market
2005,Dec,Shanghai Composite,China,2068.81,0.71,4.09,Bull Market
2006,Jan,Shanghai Composite,China,2064.38,0.87,3.32,Bull Market
2006,Feb,Shanghai Composite,China,2132.88,0,2.03,Bull Market
2006,Mar,Shanghai Composite,China,2102.24,0.63,1.84,Bull Market
2006,Apr,Shanghai Composite,China,2090.83,0.99,1.82,Bull Market
2006,May,Shanghai Composite,China,2163.45,-0.97,4.48,Bull Market
2006,Jun,Shanghai Composite,China,2128.39,-0.21,3.8,Bull Market
2006,Jul,Shanghai Composite,China,2209.03,0.51,2.3,Bull Market
2006,Aug,Shanghai Composite,China,2233.51,-0.61,2.61,Bull Market
2006,Sep,Shanghai Composite,China,2192.94,-1,3.34,Bull Market
2006,Oct,Shanghai Composite,China,2159.47,0.43,2.96,Bull Market
2006,Nov,Shanghai Composite,China,2161.32,-0.46,2.52,Bull Market
2006,Dec,Shanghai Composite,China,2168.13,-0.22,2.76,Bull Market
2007,Jan,Shanghai Composite,China,2186.97,-0.31,2.79,Pre-GFC Peak
2007,Feb,Shanghai Composite,China,2220.72,-0.37,2.64,Pre-GFC Peak
2007,Mar,Shanghai Composite,China,2198.95,-0.2,2.19,Pre-GFC Peak
2007,Apr,Shanghai Composite,China,2229.95,-0.2,1.38,Pre-GFC Peak
2007,May,Shanghai Composite,China,2265,-0.74,2.14,Pre-GFC Peak
2007,Jun,Shanghai Composite,China,2276.31,0.11,2.63,Pre-GFC Peak
2007,Jul,Shanghai Composite,China,2268.28,-0.82,1.91,Pre-GFC Peak
2007,Aug,Shanghai Composite,China,2280.29,0.99,3.16,Pre-GFC Peak
2007,Sep,Shanghai Composite,China,2355.3,0.29,3.57,Pre-GFC Peak
2007,Oct,Shanghai Composite,China,2394.29,0.34,1.46,Pre-GFC Peak
2007,Nov,Shanghai Composite,China,2358.09,-0.17,3.83,Pre-GFC Peak
2007,Dec,Shanghai Composite,China,2298.09,0.92,2.34,Pre-GFC Peak
2008,Jan,Shanghai Composite,China,2265.5,0.63,10.55,Global Financial Crisis
2008,Feb,Shanghai Composite,China,2241.32,0.71,9.78,Global Financial Crisis
2008,Mar,Shanghai Composite,China,2218.27,0.07,9.81,Global Financial Crisis
2008,Apr,Shanghai Composite,China,2138.59,-0.37,9.07,Global Financial Crisis
2008,May,Shanghai Composite,China,2044.96,0.88,9.93,Global Financial Crisis
2008,Jun,Shanghai Composite,China,2023.76,-0.55,10.59,Global Financial Crisis
2008,Jul,Shanghai Composite,China,1918.2,-0.86,10.65,Global Financial Crisis
2008,Aug,Shanghai Composite,China,1834.59,-0.58,8.58,Global Financial Crisis
2008,Sep,Shanghai Composite,China,1762.18,-0.66,8.73,Global Financial Crisis
2008,Oct,Shanghai Composite,China,1715.44,-0.74,10.47,Global Financial Crisis
2008,Nov,Shanghai Composite,China,1659.37,-0.8,9.18,Global Financial Crisis
2008,Dec,Shanghai Composite,China,1635.18,-0.65,10.48,Global Financial Crisis
2009,Jan,Shanghai Composite,China,1698.62,-0.61,1.61,GFC Recovery
2009,Feb,Shanghai Composite,China,1729.36,0.92,4.71,GFC Recovery
2009,Mar,Shanghai Composite,China,1729.33,-0.17,1.65,GFC Recovery
2009,Apr,Shanghai Composite,China,1776.1,-0.39,1.35,GFC Recovery
2009,May,Shanghai Composite,China,1817.27,0.4,1.46,GFC Recovery
2009,Jun,Shanghai Composite,China,1830.42,-0.75,3.26,GFC Recovery
2009,Jul,Shanghai Composite,China,1819.9,0.09,4.02,GFC Recovery
2009,Aug,Shanghai Composite,China,1813.94,0.93,2.01,GFC Recovery
2009,Sep,Shanghai Composite,China,1898.54,-0.45,1.41,GFC Recovery
2009,Oct,Shanghai Composite,China,1897.47,-0.45,3.58,GFC Recovery
2009,Nov,Shanghai Composite,China,1933.75,0.98,3.36,GFC Recovery
2009,Dec,Shanghai Composite,China,1991.78,-0.11,3.72,GFC Recovery
2010,Jan,Shanghai Composite,China,2002.94,-0.59,3.01,Bull Market
2010,Feb,Shanghai Composite,China,2049.41,0.44,2.86,Bull Market
2010,Mar,Shanghai Composite,China,2074.11,-0.66,2.99,Bull Market
2010,Apr,Shanghai Composite,China,2054.65,-0.42,3.79,Bull Market
2010,May,Shanghai Composite,China,2073.93,0.38,2.43,Bull Market
2010,Jun,Shanghai Composite,China,2158.46,0.72,1.61,Bull Market
2010,Jul,Shanghai Composite,China,2180.78,-0.18,2.47,Bull Market
2010,Aug,Shanghai Composite,China,2157.54,-0.5,1.63,Bull Market
2010,Sep,Shanghai Composite,China,2148.5,-0.7,1.94,Bull Market
2010,Oct,Shanghai Composite,China,2223.89,0.18,1.41,Bull Market
2010,Nov,Shanghai Composite,China,2209.38,0.48,1.58,Bull Market
2010,Dec,Shanghai Composite,China,2172.59,0.94,1.92,Bull Market
2011,Jan,Shanghai Composite,China,2151.07,0.53,4.32,Euro Debt Crisis
2011,Feb,Shanghai Composite,China,2178.59,0.43,3.4,Euro Debt Crisis
2011,Mar,Shanghai Composite,China,2165.99,0.24,2.95,Euro Debt Crisis
2011,Apr,Shanghai Composite,China,2201.7,0.38,3.99,Euro Debt Crisis
2011,May,Shanghai Composite,China,2229.56,-0.95,3.82,Euro Debt Crisis
2011,Jun,Shanghai Composite,China,2165.75,0.39,1.59,Euro Debt Crisis
2011,Jul,Shanghai Composite,China,2130.81,0.63,2.73,Euro Debt Crisis
2011,Aug,Shanghai Composite,China,2162.85,0.88,2.72,Euro Debt Crisis
2011,Sep,Shanghai Composite,China,2220.79,0.9,2.51,Euro Debt Crisis
2011,Oct,Shanghai Composite,China,2170.26,0.46,2.35,Euro Debt Crisis
2011,Nov,Shanghai Composite,China,2195.41,-0.05,3.59,Euro Debt Crisis
2011,Dec,Shanghai Composite,China,2194.57,0.88,2.29,Euro Debt Crisis
2012,Jan,Shanghai Composite,China,2229.73,0.69,2.98,Recovery
2012,Feb,Shanghai Composite,China,2291.84,0.74,3.89,Recovery
2012,Mar,Shanghai Composite,China,2281.1,-0.91,4.34,Recovery
2012,Apr,Shanghai Composite,China,2337.95,-0.38,3.12,Recovery
2012,May,Shanghai Composite,China,2395.24,-0.13,1.32,Recovery
2012,Jun,Shanghai Composite,China,2357.58,0.16,3.39,Recovery
2012,Jul,Shanghai Composite,China,2333.24,0.65,4,Recovery
2012,Aug,Shanghai Composite,China,2310.59,-0.61,1.66,Recovery
2012,Sep,Shanghai Composite,China,2335.02,-0.81,1.77,Recovery
2012,Oct,Shanghai Composite,China,2310.41,-0.28,4.12,Recovery
2012,Nov,Shanghai Composite,China,2315.29,0.73,3.48,Recovery
2012,Dec,Shanghai Composite,China,2364.84,0.14,3.18,Recovery
2013,Jan,Shanghai Composite,China,2438.78,0.95,4.49,Bull Market
2013,Feb,Shanghai Composite,China,2482.89,-0.32,4,Bull Market
2013,Mar,Shanghai Composite,China,2607.35,0.53,2.18,Bull Market
2013,Apr,Shanghai Composite,China,2743.69,0.03,2,Bull Market
2013,May,Shanghai Composite,China,2777.82,-0.47,3.06,Bull Market
2013,Jun,Shanghai Composite,China,2830.48,0.53,2.94,Bull Market
2013,Jul,Shanghai Composite,China,2876.48,0.82,2.12,Bull Market
2013,Aug,Shanghai Composite,China,2929.9,-1,3.74,Bull Market
2013,Sep,Shanghai Composite,China,3018.05,-0.28,2.12,Bull Market
2013,Oct,Shanghai Composite,China,3103.74,-0.09,3.74,Bull Market
2013,Nov,Shanghai Composite,China,3258.47,0.36,2.79,Bull Market
2013,Dec,Shanghai Composite,China,3404.26,-0.29,1.67,Bull Market
2014,Jan,Shanghai Composite,China,3358.19,0.62,3.46,Bull Market
2014,Feb,Shanghai Composite,China,3358.45,-0.68,3.92,Bull Market
2014,Mar,Shanghai Composite,China,3332.52,-0.6,2.67,Bull Market
2014,Apr,Shanghai Composite,China,3318.73,0.05,1.53,Bull Market
2014,May,Shanghai Composite,China,3273.51,0.18,2.12,Bull Market
2014,Jun,Shanghai Composite,China,3400.32,-0.44,2.2,Bull Market
2014,Jul,Shanghai Composite,China,3505.16,0.51,4.06,Bull Market
2014,Aug,Shanghai Composite,China,3634.01,-0.59,1.89,Bull Market
2014,Sep,Shanghai Composite,China,3732.05,-0.74,2.64,Bull Market
2014,Oct,Shanghai Composite,China,3668.48,-0.21,2.63,Bull Market
2014,Nov,Shanghai Composite,China,3751.05,0.16,2.41,Bull Market
2014,Dec,Shanghai Composite,China,3733.15,-0.65,1.84,Bull Market
2015,Jan,Shanghai Composite,China,3752.98,0.81,3.98,Volatility
2015,Feb,Shanghai Composite,China,3713.49,0.07,2.05,Volatility
2015,Mar,Shanghai Composite,China,3822.47,-0.7,4.31,Volatility
2015,Apr,Shanghai Composite,China,3887.18,-0.79,2.27,Volatility
2015,May,Shanghai Composite,China,3774.53,-0.18,1.48,Volatility
2015,Jun,Shanghai Composite,China,3668.66,-0.19,1.69,Volatility
2015,Jul,Shanghai Composite,China,3584.21,0.15,1.53,Volatility
2015,Aug,Shanghai Composite,China,3616.72,-0.94,2.18,Volatility
2015,Sep,Shanghai Composite,China,3664.32,-0.65,4.04,Volatility
2015,Oct,Shanghai Composite,China,3733.25,0.29,3.34,Volatility
2015,Nov,Shanghai Composite,China,3652.29,-0.89,3.78,Volatility
2015,Dec,Shanghai Composite,China,3700.82,0.76,2,Volatility
2016,Jan,Shanghai Composite,China,3669.04,0.82,3.42,Recovery
2016,Feb,Shanghai Composite,China,3688.65,-0.37,2.74,Recovery
2016,Mar,Shanghai Composite,China,3640.43,-0.87,3.58,Recovery
2016,Apr,Shanghai Composite,China,3605.61,0.22,2.4,Recovery
2016,May,Shanghai Composite,China,3709.48,-0.28,3.51,Recovery
2016,Jun,Shanghai Composite,China,3807.79,0.88,2.77,Recovery
2016,Jul,Shanghai Composite,China,3777.95,-0.96,4.59,Recovery
2016,Aug,Shanghai Composite,China,3858.07,0.07,1.38,Recovery
2016,Sep,Shanghai Composite,China,3959.36,0.15,1.18,Recovery
2016,Oct,Shanghai Composite,China,3922.1,0.35,1.7,Recovery
2016,Nov,Shanghai Composite,China,3864.11,-0.82,3.63,Recovery
2016,Dec,Shanghai Composite,China,3946.22,0.38,3.56,Recovery
2017,Jan,Shanghai Composite,China,3895.03,-0.61,3.24,Bull Market
2017,Feb,Shanghai Composite,China,3940.36,0.08,3.42,Bull Market
2017,Mar,Shanghai Composite,China,4106.59,0.48,3.59,Bull Market
2017,Apr,Shanghai Composite,China,4112.53,-0.1,2.72,Bull Market
2017,May,Shanghai Composite,China,4184.74,0.98,3.3,Bull Market
2017,Jun,Shanghai Composite,China,4239.06,-0.98,2.88,Bull Market
2017,Jul,Shanghai Composite,China,4277.24,-0.66,3.58,Bull Market
2017,Aug,Shanghai Composite,China,4239.46,1,4.5,Bull Market
2017,Sep,Shanghai Composite,China,4216.81,-0.54,1.88,Bull Market
2017,Oct,Shanghai Composite,China,4269.93,-0.31,2.72,Bull Market
2017,Nov,Shanghai Composite,China,4271.73,-0.71,2.83,Bull Market
2017,Dec,Shanghai Composite,China,4415.57,-0.86,4.47,Bull Market
2018,Jan,Shanghai Composite,China,4303.18,0.35,2.88,Trade War Jitters
2018,Feb,Shanghai Composite,China,4306.45,-0.49,2.06,Trade War Jitters
2018,Mar,Shanghai Composite,China,4358.08,-0.03,3.47,Trade War Jitters
2018,Apr,Shanghai Composite,China,4334.46,0.98,3.3,Trade War Jitters
2018,May,Shanghai Composite,China,4422.53,-0.4,2.08,Trade War Jitters
2018,Jun,Shanghai Composite,China,4498.29,-0.31,3.01,Trade War Jitters
2018,Jul,Shanghai Composite,China,4478.14,-0.48,4.23,Trade War Jitters
2018,Aug,Shanghai Composite,China,4371.77,0.2,2.95,Trade War Jitters
2018,Sep,Shanghai Composite,China,4260.75,-0.34,1.98,Trade War Jitters
2018,Oct,Shanghai Composite,China,4332.09,-0.26,3.08,Trade War Jitters
2018,Nov,Shanghai Composite,China,4250.36,-0.91,3.08,Trade War Jitters
2018,Dec,Shanghai Composite,China,4127.02,-0.5,3.41,Trade War Jitters
2019,Jan,Shanghai Composite,China,4199.79,0.02,1.31,Bull Market
2019,Feb,Shanghai Composite,China,4299.15,0.35,2.67,Bull Market
2019,Mar,Shanghai Composite,China,4480.57,0.83,4.14,Bull Market
2019,Apr,Shanghai Composite,China,4521.7,0.64,2.47,Bull Market
2019,May,Shanghai Composite,China,4642.22,-0.11,1.21,Bull Market
2019,Jun,Shanghai Composite,China,4856.44,-0.51,3.82,Bull Market
2019,Jul,Shanghai Composite,China,4874.6,-0.98,3.37,Bull Market
2019,Aug,Shanghai Composite,China,4959.42,-0.87,2.43,Bull Market
2019,Sep,Shanghai Composite,China,5102.31,0.77,2.83,Bull Market
2019,Oct,Shanghai Composite,China,5226.29,0.58,2.7,Bull Market
2019,Nov,Shanghai Composite,China,5249.43,0.32,2.3,Bull Market
2019,Dec,Shanghai Composite,China,5427.51,-0.09,4.01,Bull Market
2020,Jan,Shanghai Composite,China,5391.65,0.19,8.3,COVID Crash & Recovery
2020,Feb,Shanghai Composite,China,5582.8,-0.97,8.99,COVID Crash & Recovery
2020,Mar,Shanghai Composite,China,5736.16,-0.76,9.6,COVID Crash & Recovery
2020,Apr,Shanghai Composite,China,5690.97,0.1,10.89,COVID Crash & Recovery
2020,May,Shanghai Composite,China,5906.21,0.4,9.6,COVID Crash & Recovery
2020,Jun,Shanghai Composite,China,6022.21,-0.1,9.24,COVID Crash & Recovery
2020,Jul,Shanghai Composite,China,6163.99,0.22,9.95,COVID Crash & Recovery
2020,Aug,Shanghai Composite,China,6281.07,-0.71,10.3,COVID Crash & Recovery
2020,Sep,Shanghai Composite,China,6313.44,0.66,10.43,COVID Crash & Recovery
2020,Oct,Shanghai Composite,China,6583.42,0.01,8.9,COVID Crash & Recovery
2020,Nov,Shanghai Composite,China,6749,0.65,10.01,COVID Crash & Recovery
2020,Dec,Shanghai Composite,China,6910.38,-0.66,8.77,COVID Crash & Recovery
2021,Jan,Shanghai Composite,China,7246.05,-0.44,1.85,Post-COVID Bull
2021,Feb,Shanghai Composite,China,7450.83,-0.11,1.84,Post-COVID Bull
2021,Mar,Shanghai Composite,China,7606.42,-0.36,2.29,Post-COVID Bull
2021,Apr,Shanghai Composite,China,7604.83,0.79,3.3,Post-COVID Bull
2021,May,Shanghai Composite,China,7787.68,-0.68,2.76,Post-COVID Bull
2021,Jun,Shanghai Composite,China,8001.49,0.53,2.96,Post-COVID Bull
2021,Jul,Shanghai Composite,China,8161.43,0.24,2.78,Post-COVID Bull
2021,Aug,Shanghai Composite,China,8516.7,-0.69,4.33,Post-COVID Bull
2021,Sep,Shanghai Composite,China,8664.01,0.83,3.44,Post-COVID Bull
2021,Oct,Shanghai Composite,China,8982.4,-0.2,3.99,Post-COVID Bull
2021,Nov,Shanghai Composite,China,9170.95,-0.1,2.36,Post-COVID Bull
2021,Dec,Shanghai Composite,China,9133.24,-0.29,3.72,Post-COVID Bull
2022,Jan,Shanghai Composite,China,9175.57,0.44,2.13,Rate Hike Bear
2022,Feb,Shanghai Composite,China,9145.99,0.88,2.4,Rate Hike Bear
2022,Mar,Shanghai Composite,China,8834.22,0.39,2.1,Rate Hike Bear
2022,Apr,Shanghai Composite,China,8911.86,-0.84,4.19,Rate Hike Bear
2022,May,Shanghai Composite,China,8922.8,0.61,3.5,Rate Hike Bear
2022,Jun,Shanghai Composite,China,8610.42,-0.45,1.73,Rate Hike Bear
2022,Jul,Shanghai Composite,China,8325.77,0.83,2.77,Rate Hike Bear
2022,Aug,Shanghai Composite,China,7979.44,-0.08,1.54,Rate Hike Bear
2022,Sep,Shanghai Composite,China,7889.83,0.65,2.35,Rate Hike Bear
2022,Oct,Shanghai Composite,China,7665.65,-0.17,1.54,Rate Hike Bear
2022,Nov,Shanghai Composite,China,7644.46,-0.87,2.2,Rate Hike Bear
2022,Dec,Shanghai Composite,China,7434.19,-0.76,4.11,Rate Hike Bear
2023,Jan,Shanghai Composite,China,7526.76,-0.13,2.26,AI Bull
2023,Feb,Shanghai Composite,China,7844.94,0.14,1.46,AI Bull
2023,Mar,Shanghai Composite,China,7768.43,-0.74,4.13,AI Bull
2023,Apr,Shanghai Composite,China,7953.51,0.98,3.17,AI Bull
2023,May,Shanghai Composite,China,7951.25,0.02,1.96,AI Bull
2023,Jun,Shanghai Composite,China,8164.09,0.86,2.7,AI Bull
2023,Jul,Shanghai Composite,China,8272.37,0.2,1.43,AI Bull
2023,Aug,Shanghai Composite,China,8451.63,-0.24,1.36,AI Bull
2023,Sep,Shanghai Composite,China,8750.17,0.08,2.62,AI Bull
2023,Oct,Shanghai Composite,China,8768.82,-1,2.04,AI Bull
2023,Nov,Shanghai Composite,China,9177.58,-0.32,3.46,AI Bull
2023,Dec,Shanghai Composite,China,9288.3,0.49,2.27,AI Bull
2024,Jan,Shanghai Composite,China,9473.27,-0.61,2.77,AI Bull
2024,Feb,Shanghai Composite,China,9412.25,-0.3,1.64,AI Bull
2024,Mar,Shanghai Composite,China,9373.26,0.47,2.52,AI Bull
2024,Apr,Shanghai Composite,China,9552.7,-0.97,3.23,AI Bull
2024,May,Shanghai Composite,China,9522.82,-0.17,1.2,AI Bull
2024,Jun,Shanghai Composite,China,9666.46,0.62,2.2,AI Bull
2024,Jul,Shanghai Composite,China,9906.23,0.23,3.78,AI Bull
2024,Aug,Shanghai Composite,China,10040.76,0.08,2.92,AI Bull
2024,Sep,Shanghai Composite,China,10092.49,-0.08,1.65,AI Bull
2024,Oct,Shanghai Composite,China,10138.01,-0.94,2,AI Bull
2024,Nov,Shanghai Composite,China,10244.53,-0.05,1.41,AI Bull
2024,Dec,Shanghai Composite,China,10196.25,0.05,1.51,AI Bull